hostname,id,location,family,platformId,role,serialNumber,upTime,errorCode
AP-OUTDOOR-20,41f21491-b948-4c80-953f-1a12d13be0b5,,Unified AP,AIR-AP3802I-S-K9,ACCESS,FGL2302AD06,"8 days, 10:08:44.440",null
B6-Fl2_Outdoor-1,19783577-1ea2-4890-a4fc-8fe61490289e,,Unified AP,AIR-AP1562I-S-K9,ACCESS,FGL2304B3LT,"8 days, 10:09:26.720",null
B6-Fl2_Outdoor-2,b57cabe9-8bee-434e-aaea-9b8653f871ae,,Unified AP,AIR-AP1562I-S-K9,ACCESS,FGL2304B3LX,"8 days, 10:09:26.720",null
PTT-HO-PTT3-F01-AP2700-1,be6c9d0b-0aef-4cfc-b4dc-2af4f2894252,,Unified AP,AIR-CAP2702I-E-K9,ACCESS,FGL1839X86Q,"9 days, 17:48:08.720",null
PTT-OUTDOOR-AP2800-TEMP,ee6f9bad-dbd4-436e-b0c8-883d904c8cf1,,Unified AP,AIR-AP2802I-S-K9,ACCESS,FGL2242A2AF,"68 days, 04:11:28.720",null
PTT-TH-HO-Auditorium-AP3802I-1,8584cfa1-c11e-420c-a864-da55b47e5499,,Unified AP,AIR-AP3802I-S-K9,ACCESS,FGL2302AC9D,"69 days, 02:02:43.400",null
PTT-TH-HO-Auditorium-AP3802I-2,e6a5950f-3cfe-47b1-b0e6-a51bd667abf6,,Unified AP,AIR-AP3802I-S-K9,ACCESS,FGL2302ABX4,"69 days, 01:25:32.460",null
PTT-TH-HO-Auditorium-AP3802I-3,9b47efee-5bc9-4d77-8ac3-bd8cfc8db7d2,,Unified AP,AIR-AP3802I-S-K9,ACCESS,FGL2302AC8U,"69 days, 01:23:56.700",null
PTT-TH-HO-Auditorium-AP3802I-4,282b99c7-86e6-48e1-9c23-9370da3e0f1a,,Unified AP,AIR-AP3802I-S-K9,ACCESS,FGL2302AC8Q,"69 days, 01:27:40.390",null
PTT-TH-HO-Auditorium-AP3802I-5,9a22a048-406d-441c-ad38-e6277ffa612f,,Unified AP,AIR-AP3802I-S-K9,ACCESS,FGL2302ABTW,"9 days, 03:04:37.220",null
PTT-TH-HO-Auditorium-AP3802I-6,c1402b0d-0096-404e-ad8e-11cff5033907,,Unified AP,AIR-AP3802I-S-K9,ACCESS,FGL2302ABU9,"69 days, 01:26:54.630",null
PTT-TH-HO-Auditorium-AP3802I-7,3c44fbb4-6a44-4a0b-84a9-60a5d368a2e7,,Unified AP,AIR-AP3802I-S-K9,ACCESS,FGL2302ABU0,"69 days, 01:29:10.370",null
PTT-TH-HO-Auditorium-AP3802I-8,e92d25a3-baf0-48ed-9e8a-998fcf206986,,Unified AP,AIR-AP3802I-S-K9,ACCESS,FGL2302ABU7,"69 days, 01:22:14.630",null
PTT-TH-HO-B1-FL10-AP3802I-1,b10d6e5c-6fbf-4f13-8cc2-505e40c0fd36,,Unified AP,AIR-AP3802I-S-K9,ACCESS,FGL2302ACEK,"69 days, 01:23:42.580",null
PTT-TH-HO-B1-FL10-AP3802I-2,006c8b20-a129-44be-a4ae-c22648efeabe,,Unified AP,AIR-AP3802I-S-K9,ACCESS,FGL2302ABVU,"69 days, 01:26:33.350",null
PTT-TH-HO-B1-FL10-AP3802I-3,32145e51-649a-4cae-8504-fb6ef0c379ee,,Unified AP,AIR-AP3802I-S-K9,ACCESS,FGL2302ABXQ,"69 days, 01:21:36.550",null
PTT-TH-HO-B1-FL10-AP3802I-4,c230a10e-b599-4a35-bbe6-f49de3dba332,,Unified AP,AIR-AP3802I-S-K9,ACCESS,FGL2302ABWZ,"69 days, 01:30:02.440",null
PTT-TH-HO-B1-FL10-AP3802I-5,7f3f4fdd-ff4e-45bb-be2d-6f98997936fb,,Unified AP,AIR-AP3802I-S-K9,ACCESS,FGL2302ABYZ,"69 days, 01:24:38.200",null
PTT-TH-HO-B1-FL10-AP3802I-6,3788ff4d-134a-43dc-b5ce-a0696e0b7708,,Unified AP,AIR-AP3802I-S-K9,ACCESS,FGL2302AC2C,"69 days, 01:19:24.510",null
PTT-TH-HO-B1-FL10-AP3802I-7,94d6d824-365d-4f49-8098-58a2ae2906d9,,Unified AP,AIR-AP3802I-S-K9,ACCESS,FGL2302ABYT,"69 days, 01:26:19.460",null
PTT-TH-HO-B1-FL10-AP3802I-8,deae1e9f-a866-401e-83c5-8cdda9c817ec,,Unified AP,AIR-AP3802I-S-K9,ACCESS,FGL2302ABWQ,"69 days, 01:28:33.590",null
PTT-TH-HO-B1-FL11-AP3802I-1,edacb49d-2f01-4825-8c39-916afdb1f095,,Unified AP,AIR-AP3802I-S-K9,ACCESS,FGL2302ACB3,"69 days, 01:20:53.270",null
PTT-TH-HO-B1-FL11-AP3802I-2,f55ae59c-2cf0-4ab0-b5c1-10c77269e1c2,,Unified AP,AIR-AP3802I-S-K9,ACCESS,FGL2302AC89,"69 days, 01:25:10.570",null
PTT-TH-HO-B1-FL11-AP3802I-3,dcab6424-a0a4-409d-ace9-7fa0115a6933,,Unified AP,AIR-AP3802I-S-K9,ACCESS,FGL2302AC2S,"69 days, 01:29:37.510",null
PTT-TH-HO-B1-FL11-AP3802I-4,8475fc27-15f9-4335-b6f2-1278d85ef972,,Unified AP,AIR-AP3802I-S-K9,ACCESS,FGL2302AC84,"69 days, 01:27:52.480",null
PTT-TH-HO-B1-FL11-AP3802I-5,f8cf9179-583b-41a0-ae00-74f32b5f65ac,,Unified AP,AIR-AP3802I-S-K9,ACCESS,FGL2302AC8T,"69 days, 01:23:30.570",null
PTT-TH-HO-B1-FL11-AP3802I-6,3a66ef27-8d1b-42a3-9fa2-265b9070b6ad,,Unified AP,AIR-AP3802I-S-K9,ACCESS,FGL2302ACDG,"69 days, 01:28:49.380",null
PTT-TH-HO-B1-FL11-AP3802I-7,c19cc49c-9a84-4580-8590-7e21b0321144,,Unified AP,AIR-AP3802I-S-K9,ACCESS,FGL2302ACD2,"69 days, 01:23:48.690",null
PTT-TH-HO-B1-FL11-AP3802I-8,8fad6a1a-4c46-4e64-b04b-a4c6286b4c97,,Unified AP,AIR-AP3802I-S-K9,ACCESS,FGL2302ACEN,"69 days, 01:27:37.480",null
PTT-TH-HO-B1-FL12-AP3802I-1,8e539a6d-111a-49be-96ac-0190ebef7c76,,Unified AP,AIR-AP3802I-S-K9,ACCESS,FGL2302AC97,"69 days, 01:22:43.680",null
PTT-TH-HO-B1-FL12-AP3802I-10,4851f4ed-2c0b-446f-a109-96605d809a0e,,Unified AP,AIR-AP3802I-S-K9,ACCESS,FGL2302ABVM,"69 days, 01:27:02.610",null
PTT-TH-HO-B1-FL12-AP3802I-2,e85463d4-7e6a-4a30-aa33-a6380b1ae42c,,Unified AP,AIR-AP3802I-S-K9,ACCESS,FGL2302AC7U,"69 days, 01:26:21.480",null
PTT-TH-HO-B1-FL12-AP3802I-3,536c8a29-e1d2-4197-a101-56250b939386,,Unified AP,AIR-AP3802I-S-K9,ACCESS,FGL2302ACA2,"69 days, 01:20:50.280",null
PTT-TH-HO-B1-FL12-AP3802I-4,4f6aebdf-12dd-4986-8eb7-6aba2b0c518b,,Unified AP,AIR-AP3802I-S-K9,ACCESS,FGL2302ABWA,"69 days, 01:20:30.360",null
PTT-TH-HO-B1-FL12-AP3802I-5,70566ebd-080f-4b53-9f89-343096ee7902,,Unified AP,AIR-AP3802I-S-K9,ACCESS,FGL2302ABWF,"69 days, 01:26:58.360",null
PTT-TH-HO-B1-FL12-AP3802I-6,8036ca55-8765-429b-9d4f-ba98016c71fd,,Unified AP,AIR-AP3802I-S-K9,ACCESS,FGL2302ABYR,"23 days, 03:16:47.460",null
PTT-TH-HO-B1-FL12-AP3802I-7,01a7bc4f-8a46-4a41-8ec1-af533990e028,,Unified AP,AIR-AP3802I-S-K9,ACCESS,FGL2302ABYL,"69 days, 01:21:10.530",null
PTT-TH-HO-B1-FL12-AP3802I-8,12c6f3ee-b3d4-4df1-af45-1b415be7ee6a,,Unified AP,AIR-AP3802I-S-K9,ACCESS,FGL2302ABYJ,"69 days, 01:28:01.550",null
PTT-TH-HO-B1-FL12-AP3802I-9,ef951818-938f-4e86-a453-322f8dacd656,,Unified AP,AIR-AP3802I-S-K9,ACCESS,FGL2302ACCE,"61 days, 01:31:02.380",null
PTT-TH-HO-B1-FL13-AP3802I-1,1087220c-ca1e-47f5-91b2-fb31d3cf67d1,,Unified AP,AIR-AP3802I-S-K9,ACCESS,FGL2302AC82,"69 days, 01:23:45.690",null
PTT-TH-HO-B1-FL13-AP3802I-10,cdaf3b1a-132c-4dd4-a9f4-a703acbd1c6a,,Unified AP,AIR-AP3802I-S-K9,ACCESS,FGL2302ACEB,"69 days, 01:28:40.370",null
PTT-TH-HO-B1-FL13-AP3802I-2,c3d5b632-89ea-4c93-b55e-4754128b9159,,Unified AP,AIR-AP3802I-S-K9,ACCESS,FGL2302ABYF,"69 days, 01:15:06.200",null
PTT-TH-HO-B1-FL13-AP3802I-3,579bf5bf-dc21-4c8a-b3c1-d9536f6c6484,,Unified AP,AIR-AP3802I-S-K9,ACCESS,FGL2302AC7D,"69 days, 01:29:14.370",null
PTT-TH-HO-B1-FL13-AP3802I-4,1613f9f8-c6e4-4cf3-a571-ee96cb2dec31,,Unified AP,AIR-AP3802I-S-K9,ACCESS,FGL2302ABXF,"69 days, 01:20:12.580",null
PTT-TH-HO-B1-FL13-AP3802I-5,f440e192-4f0e-4022-b432-4272ecf41c58,,Unified AP,AIR-AP3802I-S-K9,ACCESS,FGL2302ABWU,"69 days, 01:27:58.540",null
PTT-TH-HO-B1-FL13-AP3802I-6,ecaf40d7-e299-4ed5-b97c-3d16aa0c7a11,,Unified AP,AIR-AP3802I-S-K9,ACCESS,FGL2302ABUK,"69 days, 01:26:02.230",null
PTT-TH-HO-B1-FL13-AP3802I-7,97001ca2-4db8-456e-9118-f7e8388e549c,,Unified AP,AIR-AP3802I-S-K9,ACCESS,FGL2302AC7Y,"69 days, 01:22:32.700",null
PTT-TH-HO-B1-FL13-AP3802I-8,1b179a45-204f-43c7-bdb8-ece86c1024f8,,Unified AP,AIR-AP3802I-S-K9,ACCESS,FGL2302AC5Z,"69 days, 01:27:24.260",null
PTT-TH-HO-B1-FL13-AP3802I-9,ae22ce34-58e8-49fd-99cd-7374df821849,,Unified AP,AIR-AP3802I-S-K9,ACCESS,FGL2302ABUZ,"69 days, 01:18:08.200",null
PTT-TH-HO-B1-FL14-AP3802I-1,b3e2f97f-81b2-4214-9ce2-89b7331b115b,,Unified AP,AIR-AP3802I-S-K9,ACCESS,FGL2302ABZC,"69 days, 01:27:30.520",null
PTT-TH-HO-B1-FL14-AP3802I-2,8255e7a1-fc6b-4614-8637-07e1187b784e,,Unified AP,AIR-AP3802I-S-K9,ACCESS,FGL2302ABY4,"58 days, 06:28:33.590",null
PTT-TH-HO-B1-FL14-AP3802I-3,a9f00750-5383-4940-8a93-bdd0d308ae7e,,Unified AP,AIR-AP3802I-S-K9,ACCESS,FGL2302AC2R,"69 days, 01:20:02.500",null
PTT-TH-HO-B1-FL14-AP3802I-4,d841a5fd-eb55-4100-8908-d79a1b503465,,Unified AP,AIR-AP3802I-S-K9,ACCESS,FGL2302ACEA,"69 days, 01:28:51.400",null
PTT-TH-HO-B1-FL14-AP3802I-5,48ad7503-50cf-46c6-aad4-718c1d45a228,,Unified AP,AIR-AP3802I-S-K9,ACCESS,FGL2302AC2B,"69 days, 01:50:15.500",null
PTT-TH-HO-B1-FL14-AP3802I-6,7b2f9bc8-2346-469c-89b0-32b3132b607b,,Unified AP,AIR-AP3802I-S-K9,ACCESS,FGL2302ABWW,"69 days, 01:29:30.640",null
PTT-TH-HO-B1-FL14-AP3802I-7,a12ece90-f66c-4396-945e-1dc389d08ea7,,Unified AP,AIR-AP3802I-S-K9,ACCESS,FGL2302ABVL,"69 days, 01:26:44.620",null
PTT-TH-HO-B1-FL14-AP3802I-8,4fe07301-2c32-48e2-a8fa-990d258bf9fc,,Unified AP,AIR-AP3802I-S-K9,ACCESS,FGL2302ABVK,"69 days, 01:26:46.290",null
PTT-TH-HO-B1-FL15-AP3802I-1,1f57fbf6-ec3e-4e57-975f-c3b1bb85a3c0,,Unified AP,AIR-AP3802I-S-K9,ACCESS,FGL2302ABZA,"69 days, 01:25:41.300",null
PTT-TH-HO-B1-FL15-AP3802I-2,7f81b511-2f98-4d81-a406-2190438a3165,,Unified AP,AIR-AP3802I-S-K9,ACCESS,FGL2302AC2P,"69 days, 01:18:47.430",null
PTT-TH-HO-B1-FL15-AP3802I-3,62e1303c-4a85-4942-ae48-7b846cab63ea,,Unified AP,AIR-AP3802I-S-K9,ACCESS,FGL2302AC95,"69 days, 01:27:14.270",null
PTT-TH-HO-B1-FL15-AP3802I-4,0617095a-efd8-4b5c-8c32-43d1e32cfa5e,,Unified AP,AIR-AP3802I-S-K9,ACCESS,FGL2302AC15,"69 days, 01:27:44.530",null
PTT-TH-HO-B1-FL15-AP3802I-5,d4a795bf-4a8b-488c-8ee3-992570b7f455,,Unified AP,AIR-AP3802I-S-K9,ACCESS,FGL2302ACEM,"69 days, 01:23:28.570",null
PTT-TH-HO-B1-FL15-AP3802I-6,c41d77dc-632a-4256-95a3-f8e80fad03cc,,Unified AP,AIR-AP3802I-S-K9,ACCESS,FGL2302ABX0,"69 days, 01:25:08.490",null
PTT-TH-HO-B1-FL15-AP3802I-7,d8cae5da-009d-4c73-9723-35ebe619c612,,Unified AP,AIR-AP3802I-S-K9,ACCESS,FGL2302ACEL,"69 days, 01:20:44.270",null
PTT-TH-HO-B1-FL15-AP3802I-8,4a539090-d157-49c9-b305-a1cc806fd550,,Unified AP,AIR-AP3802I-S-K9,ACCESS,FGL2302AC1Y,"69 days, 02:03:00.510",null
PTT-TH-HO-B1-FL16-AP3802I-1,0bfa73a8-bafd-4238-a1bf-6876596282c1,,Unified AP,AIR-AP3802I-S-K9,ACCESS,FGL2302AC1S,"69 days, 01:25:19.430",null
PTT-TH-HO-B1-FL16-AP3802I-2,e0a609c6-f69c-4f84-8db3-9c5961c43b53,,Unified AP,AIR-AP3802I-S-K9,ACCESS,FGL2302ABXU,"69 days, 01:25:15.490",null
PTT-TH-HO-B1-FL16-AP3802I-3,924645e0-2ee9-48ca-96b3-bd727b667163,,Unified AP,AIR-AP3802I-S-K9,ACCESS,FGL2302ABV1,"35 days, 04:15:28.200",null
PTT-TH-HO-B1-FL16-AP3802I-4,36f0b56a-3c4c-49e6-87b9-238ae1125ead,,Unified AP,AIR-AP3802I-S-K9,ACCESS,FGL2302AC7S,"69 days, 01:23:40.570",null
PTT-TH-HO-B1-FL16-AP3802I-5,0c09e938-3cb5-4139-b9f1-d3f811364160,,Unified AP,AIR-AP3802I-S-K9,ACCESS,FGL2302ABWT,"69 days, 01:23:53.560",null
PTT-TH-HO-B1-FL16-AP3802I-6,10579137-f31e-4c87-8efd-832dda573023,,Unified AP,AIR-AP3802I-S-K9,ACCESS,FGL2302ACBK,"69 days, 01:27:57.480",null
PTT-TH-HO-B1-FL16-AP3802I-7,a8807f01-5c42-4fd3-8f41-4e63b8d4be99,,Unified AP,AIR-AP3802I-S-K9,ACCESS,FGL2302AC0X,"69 days, 01:27:40.530",null
PTT-TH-HO-B1-FL16-AP3802I-8,67963633-0e5f-42c4-ba0f-94183d6f1149,,Unified AP,AIR-AP3802I-S-K9,ACCESS,FGL2302ACBE,"69 days, 02:02:40.410",null
PTT-TH-HO-B1-FL17-AP3802I-1,89e2949d-dd7a-4ef5-989a-15fb9a4fe010,,Unified AP,AIR-AP3802I-S-K9,ACCESS,FGL2302AC28,"69 days, 01:26:06.430",null
PTT-TH-HO-B1-FL17-AP3802I-2,c3257c95-f176-4aaf-af18-5a0faf1a85df,,Unified AP,AIR-AP3802I-S-K9,ACCESS,FGL2302AC7R,"69 days, 01:27:48.480",null
PTT-TH-HO-B1-FL17-AP3802I-3,24130bf6-d59e-46a2-9b3d-ffa0cba5115a,,Unified AP,AIR-AP3802I-S-K9,ACCESS,FGL2302ACCF,"69 days, 01:28:48.410",null
PTT-TH-HO-B1-FL17-AP3802I-4,d20692d0-93a7-4a9f-bfbc-99ab3383b38b,,Unified AP,AIR-AP3802I-S-K9,ACCESS,FGL2302ACCN,"69 days, 01:22:41.680",null
PTT-TH-HO-B1-FL17-AP3802I-5,a7bdd745-ec44-41b7-a458-b9a0642a5b28,,Unified AP,AIR-AP3802I-S-K9,ACCESS,FGL2302ACAB,"69 days, 01:24:31.250",null
PTT-TH-HO-B1-FL17-AP3802I-6,51357527-c779-4e68-b706-8b078191e5f4,,Unified AP,AIR-AP3802I-S-K9,ACCESS,FGL2302AC1J,"69 days, 01:20:59.520",null
PTT-TH-HO-B1-FL17-AP3802I-7,45f20e3d-9143-4716-8620-9f2a46d120e3,,Unified AP,AIR-AP3802I-S-K9,ACCESS,FGL2302AC1V,"69 days, 01:29:28.510",null
PTT-TH-HO-B1-FL17-AP3802I-8,a4805fa3-ac69-4438-86eb-b508f09c7102,,Unified AP,AIR-AP3802I-S-K9,ACCESS,FGL2302ACAA,"69 days, 01:23:33.570",null
PTT-TH-HO-B1-FL18-AP3802I-1,4dc0dd97-abf3-446d-8d54-d2c4064d5f31,,Unified AP,AIR-AP3802I-S-K9,ACCESS,FGL2302ACAC,"69 days, 01:29:18.400",null
PTT-TH-HO-B1-FL18-AP3802I-2,175bc4e7-346d-4d73-af48-d78eb214e895,,Unified AP,AIR-AP3802I-S-K9,ACCESS,FGL2302ACBN,"41 days, 02:21:59.650",null
PTT-TH-HO-B1-FL18-AP3802I-3,644b8ca6-1dce-4952-8a89-a82aa85851f2,,Unified AP,AIR-AP3802I-S-K9,ACCESS,FGL2302AC6V,"69 days, 01:25:16.560",null
PTT-TH-HO-B1-FL18-AP3802I-4,72185fef-73b9-405f-b4d9-98f0a2a447bd,,Unified AP,AIR-AP3802I-S-K9,ACCESS,FGL2302AC1Z,"69 days, 01:26:24.460",null
PTT-TH-HO-B1-FL18-AP3802I-5,0003de1a-714e-4fd4-bb48-c35f04279b0f,,Unified AP,AIR-AP3802I-S-K9,ACCESS,FGL2302AC90,"69 days, 01:28:14.390",null
PTT-TH-HO-B1-FL18-AP3802I-6,72e0687d-16b8-4231-bbbb-048278e9c066,,Unified AP,AIR-AP3802I-S-K9,ACCESS,FGL2302ABXE,"69 days, 01:30:09.510",null
PTT-TH-HO-B1-FL18-AP3802I-7,21384d1c-df43-4e24-a3f3-3914e1dc1ac0,,Unified AP,AIR-AP3802I-S-K9,ACCESS,FGL2302ABX6,"69 days, 01:27:22.240",null
PTT-TH-HO-B1-FL18-AP3802I-8,7b702908-1a2b-4d7f-b65e-7dfb4f59ae16,,Unified AP,AIR-AP3802I-S-K9,ACCESS,FGL2302AC16,"69 days, 01:27:50.530",null
PTT-TH-HO-B1-FL19-AP3802I-1,ada7d161-8b14-4f1c-98d2-282720b101b3,,Unified AP,AIR-AP3802I-S-K9,ACCESS,FGL2302AC8W,"69 days, 01:20:38.270",null
PTT-TH-HO-B1-FL19-AP3802I-2,47ce0600-ec8f-4964-a896-5f71c81d2768,,Unified AP,AIR-AP3802I-S-K9,ACCESS,FGL2302ABV7,"69 days, 01:29:59.430",null
PTT-TH-HO-B1-FL19-AP3802I-3,f9e7025c-5241-42c4-b11d-8ac4a95b65ec,,Unified AP,AIR-AP3802I-S-K9,ACCESS,FGL2302ABTY,"69 days, 01:28:58.370",null
PTT-TH-HO-B1-FL19-AP3802I-4,e9ca8ffd-3feb-4e1e-b33c-8752e506056d,,Unified AP,AIR-AP3802I-S-K9,ACCESS,FGL2302ABXG,"69 days, 01:29:05.650",null
PTT-TH-HO-B1-FL19-AP3802I-5,3d5c5f58-f700-4358-bb5d-6d211b84bae2,,Unified AP,AIR-AP3802I-S-K9,ACCESS,FGL2302AC1G,"69 days, 01:27:48.530",null
PTT-TH-HO-B1-FL19-AP3802I-6,e5700ed4-d5c4-4865-87b2-28e572c6676d,,Unified AP,AIR-AP3802I-S-K9,ACCESS,FGL2302ABY1,"69 days, 01:26:30.350",null
PTT-TH-HO-B1-FL19-AP3802I-7,81f59a81-34fb-46b3-9f11-44e2c265400b,,Unified AP,AIR-AP3802I-S-K9,ACCESS,FGL2302ABX1,"69 days, 01:29:25.640",null
PTT-TH-HO-B1-FL19-AP3802I-8,ef285f8f-0a2d-47d3-ad39-1840c21e1691,,Unified AP,AIR-AP3802I-S-K9,ACCESS,FGL2302AC19,"69 days, 01:29:07.640",null
PTT-TH-HO-B1-FL1-AP3802I-1,3c276db7-d5f7-41d6-9f5d-fbbfe5c4138b,,Unified AP,AIR-AP3802I-S-K9,ACCESS,FGL2302ABWR,"69 days, 01:28:15.610",null
PTT-TH-HO-B1-FL1-AP3802I-2,529f512e-96ae-4910-a567-bd8d5be22dbe,,Unified AP,AIR-AP3802I-S-K9,ACCESS,FGL2302ABYD,"69 days, 01:21:41.550",null
PTT-TH-HO-B1-FL1-AP3802I-3,81c8f1e8-9d69-401b-b7e0-70a98e47f622,,Unified AP,AIR-AP3802I-S-K9,ACCESS,FGL2302ABW8,"69 days, 01:25:46.300",null
PTT-TH-HO-B1-FL1-AP3802I-4,0e63dc24-1f36-424d-846d-328a4441ea0b,,Unified AP,AIR-AP3802I-S-K9,ACCESS,FGL2302ABX8,"69 days, 01:23:30.420",null
PTT-TH-HO-B1-FL1-AP3802I-5,e6378039-ce70-4f17-a13b-a9eb33460189,,Unified AP,AIR-AP3802I-S-K9,ACCESS,FGL2302ACA1,"69 days, 01:22:34.690",null
PTT-TH-HO-B1-FL1-AP3802I-6,24744f10-d724-42dc-bbb1-491e41d27b4e,,Unified AP,AIR-AP3802I-S-K9,ACCESS,FGL2302ACEE,"69 days, 01:24:36.490",null
PTT-TH-HO-B1-FL1-AP3802I-7,77b3abb7-47a8-4be4-8963-e8e1f53e6cb8,,Unified AP,AIR-AP3802I-S-K9,ACCESS,FGL2302AC96,"69 days, 01:22:57.660",null
PTT-TH-HO-B1-FL1-AP3802I-8,a39e21e8-eca4-406b-9f55-a50fce0e2bff,,Unified AP,AIR-AP3802I-S-K9,ACCESS,FGL2302AC9A,"69 days, 01:28:29.380",null
PTT-TH-HO-B1-FL20-AP3802I-1,bdc0fd7c-6f10-4d64-8bb6-982af9c8671e,,Unified AP,AIR-AP3802I-S-K9,ACCESS,FGL2302ACDL,"69 days, 01:23:39.690",null
PTT-TH-HO-B1-FL20-AP3802I-2,59cfe1e5-ae09-45e6-b819-ffc8fabf4976,,Unified AP,AIR-AP3802I-S-K9,ACCESS,FGL2302AC1T,"69 days, 01:20:27.360",null
PTT-TH-HO-B1-FL20-AP3802I-3,e2477262-59de-48fe-8784-bc1cf9d0a864,,Unified AP,AIR-AP3802I-S-K9,ACCESS,FGL2302ABVJ,"69 days, 01:27:05.360",null
PTT-TH-HO-B1-FL20-AP3802I-4,f029d73f-65d9-4a6b-8db0-90e82dc379c7,,Unified AP,AIR-AP3802I-S-K9,ACCESS,FGL2302AC63,"69 days, 01:24:28.250",null
PTT-TH-HO-B1-FL20-AP3802I-5,3c60b1dc-0e29-4bc2-8143-e4695306996b,,Unified AP,AIR-AP3802I-S-K9,ACCESS,FGL2302AC66,"69 days, 01:29:32.520",null
PTT-TH-HO-B1-FL20-AP3802I-6,63e398ce-5324-432e-8ac0-31330b96edb0,,Unified AP,AIR-AP3802I-S-K9,ACCESS,FGL2302ABV5,"69 days, 01:29:38.430",null
PTT-TH-HO-B1-FL20-AP3802I-7,78f82a29-5dac-48cf-a3aa-12eb92492838,,Unified AP,AIR-AP3802I-S-K9,ACCESS,FGL2302ABWC,"69 days, 01:29:11.640",null
PTT-TH-HO-B1-FL20-AP3802I-8,04ed25d9-04be-42e0-b5b8-922853e879cb,,Unified AP,AIR-AP3802I-S-K9,ACCESS,FGL2302ABZR,"69 days, 01:24:52.210",null
PTT-TH-HO-B1-FL21-AP3802I-1,0f06e670-6f4e-4477-9e8a-fae1a1bb11e5,,Unified AP,AIR-AP3802I-S-K9,ACCESS,FGL2302ABZP,"69 days, 01:28:45.600",null
PTT-TH-HO-B1-FL21-AP3802I-2,627b9bb5-e355-41ab-90a2-e4ce77e02e2d,,Unified AP,AIR-AP3802I-S-K9,ACCESS,FGL2302ACC4,"69 days, 01:24:34.660",null
PTT-TH-HO-B1-FL21-AP3802I-3,41e4bfca-a5aa-4c2f-b83a-a044427ef76a,,Unified AP,AIR-AP3802I-S-K9,ACCESS,FGL2302AC02,"69 days, 01:25:49.290",null
PTT-TH-HO-B1-FL21-AP3802I-4,fa278e1f-c5fb-48e5-a6ba-f96d51278896,,Unified AP,AIR-AP3802I-S-K9,ACCESS,FGL2302AC17,"69 days, 01:29:18.640",null
PTT-TH-HO-B1-FL21-AP3802I-5,17c043df-6d85-4192-98db-f7f3b1f56ba1,,Unified AP,AIR-AP3802I-S-K9,ACCESS,FGL2302ABW1,"69 days, 01:21:30.540",null
PTT-TH-HO-B1-FL21-AP3802I-6,17951026-b5cf-4bed-971c-695f9a508299,,Unified AP,AIR-AP3802I-S-K9,ACCESS,FGL2302AC81,"69 days, 01:20:46.280",null
PTT-TH-HO-B1-FL21-AP3802I-7,1653a2e2-85b2-4a35-a5ec-b4d7cd9a1928,,Unified AP,AIR-AP3802I-S-K9,ACCESS,FGL2302AC1F,"69 days, 01:29:45.440",null
PTT-TH-HO-B1-FL21-AP3802I-8,209f392b-b44f-4012-aa66-3a26eaa4d073,,Unified AP,AIR-AP3802I-S-K9,ACCESS,FGL2302AC1D,"69 days, 01:23:23.450",null
PTT-TH-HO-B1-FL21-AP3802I-9,a473060f-7bea-477f-82c3-aa37d70d41e6,,Unified AP,AIR-AP3802I-S-K9,ACCESS,FGL2302ABUU,"69 days, 01:26:32.110",null
PTT-TH-HO-B1-FL22-AP3802I-1,73a326c5-313e-45d3-acff-aaabf825005c,,Unified AP,AIR-AP3802I-S-K9,ACCESS,FGL2302AC99,"69 days, 01:23:01.670",null
PTT-TH-HO-B1-FL22-AP3802I-2,88efb3db-8ae8-469a-b05f-1ec954927014,,Unified AP,AIR-AP3802I-S-K9,ACCESS,FGL2302AC98,"69 days, 01:24:21.670",null
PTT-TH-HO-B1-FL22-AP3802I-3,cdef49b8-c26d-4dd8-b676-8b8f6d744afd,,Unified AP,AIR-AP3802I-S-K9,ACCESS,FGL2302AC7Q,"69 days, 01:27:44.470",null
PTT-TH-HO-B1-FL22-AP3802I-4,b9eb44a5-3c53-4ccf-9d12-744ef9da315e,,Unified AP,AIR-AP3802I-S-K9,ACCESS,FGL2302ABWD,"69 days, 01:25:29.460",null
PTT-TH-HO-B1-FL22-AP3802I-5,51145087-562e-4615-aa3c-1be2adc9c9e0,,Unified AP,AIR-AP3802I-S-K9,ACCESS,FGL2302AC75,"69 days, 01:23:46.560",null
PTT-TH-HO-B1-FL22-AP3802I-6,c4c09bf8-6f02-4393-ad67-bdad92009caa,,Unified AP,AIR-AP3802I-S-K9,ACCESS,FGL2302ABXC,"69 days, 01:29:32.420",null
PTT-TH-HO-B1-FL22-AP3802I-7,f4e82395-ea4f-44e7-879b-ebc031f6839d,,Unified AP,AIR-AP3802I-S-K9,ACCESS,FGL2302AC0S,"69 days, 01:21:14.520",null
PTT-TH-HO-B1-FL22-AP3802I-8,94df8ab6-1a7e-4808-8062-473c171eeeff,,Unified AP,AIR-AP3802I-S-K9,ACCESS,FGL2302ABUT,"69 days, 01:22:41.630",null
PTT-TH-HO-B1-FL22-AP3802I-9,d45a1bdc-76b6-4752-85c4-11753fcae6bb,,Unified AP,AIR-AP3802I-S-K9,ACCESS,FGL2302AC8S,"69 days, 01:27:34.410",null
PTT-TH-HO-B1-FL23-AP3802I-1,87839552-1099-4398-9a4c-c4cc67ee0909,,Unified AP,AIR-AP3802I-S-K9,ACCESS,FGL2302ABW2,"68 days, 02:29:30.370",null
PTT-TH-HO-B1-FL23-AP3802I-2,9be4e323-f0ce-4cb5-9704-c6837db55408,,Unified AP,AIR-AP3802I-S-K9,ACCESS,FGL2302AC7P,"68 days, 02:30:54.390",null
PTT-TH-HO-B1-FL23-AP3802I-3,3fb436fb-d6c2-4ba1-89df-6c6ec4b8907f,,Unified AP,AIR-AP3802I-S-K9,ACCESS,FGL2302ABXA,"68 days, 02:29:34.240",null
PTT-TH-HO-B1-FL23-AP3802I-4,6a802134-4259-45e4-bfe9-8131ca236bd9,,Unified AP,AIR-AP3802I-S-K9,ACCESS,FGL2302ACDJ,"68 days, 02:30:55.650",null
PTT-TH-HO-B1-FL23-AP3802I-5,290289c0-cf0b-49ab-b86e-af95e6dc683c,,Unified AP,AIR-AP3802I-S-K9,ACCESS,FGL2302ABWH,"68 days, 02:29:38.600",null
PTT-TH-HO-B1-FL23-AP3802I-6,78e39d12-fe2d-4269-ba11-9375e1696277,,Unified AP,AIR-AP3802I-S-K9,ACCESS,FGL2302ABVT,"68 days, 02:30:43.350",null
PTT-TH-HO-B1-FL23-AP3802I-7,a98661e0-a8c6-4b36-b4e1-29c329a3e027,,Unified AP,AIR-AP3802I-S-K9,ACCESS,FGL2302AC7L,"68 days, 02:29:45.390",null
PTT-TH-HO-B1-FL23-AP3802I-8,d98bca56-b2b2-4671-9570-bf9b21fe8813,,Unified AP,AIR-AP3802I-S-K9,ACCESS,FGL2302AC6W,"68 days, 02:30:40.280",null
PTT-TH-HO-B1-FL24-AP3802I-1,26890946-9134-4d81-8eec-10549128ffc4,,Unified AP,AIR-AP3802I-S-K9,ACCESS,FGL2302ACEG,"68 days, 02:30:15.400",null
PTT-TH-HO-B1-FL24-AP3802I-2,5201d296-d847-465a-bba0-ab46bdebbc46,,Unified AP,AIR-AP3802I-S-K9,ACCESS,FGL2302ACCB,"222 days, 16:40:18.260",null
PTT-TH-HO-B1-FL24-AP3802I-3,da42c588-e1c8-4bda-8c0c-a298b815c84f,,Unified AP,AIR-AP3802I-S-K9,ACCESS,FGL2302ABXY,"68 days, 02:29:59.630",null
PTT-TH-HO-B1-FL24-AP3802I-4,4257757a-9327-4ee7-83a3-2b5d288a4420,,Unified AP,AIR-AP3802I-S-K9,ACCESS,FGL2302ABZW,"148 days, 19:04:00.220",null
PTT-TH-HO-B1-FL24-AP3802I-5,0695ed62-e4fe-4b5d-9bec-2afb626b26a3,,Unified AP,AIR-AP3802I-S-K9,ACCESS,FGL2302AC0U,"68 days, 02:29:48.350",null
PTT-TH-HO-B1-FL24-AP3802I-6,429b84af-e432-4830-b69a-92f659fe3c02,,Unified AP,AIR-AP3802I-S-K9,ACCESS,FGL2302ACBJ,"55 days, 23:16:44.670",null
PTT-TH-HO-B1-FL24-AP3802I-7,2544e5a7-0ff1-41cf-8078-1cb3b5b4d5a7,,Unified AP,AIR-AP3802I-S-K9,ACCESS,FGL2302AC77,"68 days, 02:30:03.470",null
PTT-TH-HO-B1-FL24-AP3802I-8,605e7e95-7084-4fc3-93ff-0f87cfa8c2f3,,Unified AP,AIR-AP3802I-S-K9,ACCESS,FGL2302AC76,"148 days, 19:03:30.560",null
PTT-TH-HO-B1-FL2-AP3802I-1,68ed9437-73e8-4879-ba2f-e52deb09ba92,,Unified AP,AIR-AP3802I-S-K9,ACCESS,FGL2302ABY0,"69 days, 01:28:32.580",null
PTT-TH-HO-B1-FL2-AP3802I-2,9a1aa5eb-8b08-4117-beda-6f18a18f7423,,Unified AP,AIR-AP3802I-S-K9,ACCESS,FGL2302ABY2,"69 days, 01:19:44.530",null
PTT-TH-HO-B1-FL3-AP3802I-1,bafc852d-550f-4169-b3e6-010c68ca9057,,Unified AP,AIR-AP3802I-S-K9,ACCESS,FGL2302ABZH,"69 days, 01:26:38.620",null
PTT-TH-HO-B1-FL3-AP3802I-2,5e8376f6-dbe6-417f-973c-7a85532fd243,,Unified AP,AIR-AP3802I-S-K9,ACCESS,FGL2302AC9C,"69 days, 01:28:11.390",null
PTT-TH-HO-B1-FL3-AP3802I-3,4249a910-b9ad-4161-9542-f524d95b844a,,Unified AP,AIR-AP3802I-S-K9,ACCESS,FGL2302ABYN,"69 days, 01:53:31.450",null
PTT-TH-HO-B1-FL3-AP3802I-4,d690f19c-3236-4c72-8a11-3edd02902fba,,Unified AP,AIR-AP3802I-S-K9,ACCESS,FGL2302ABVQ,"69 days, 01:27:02.290",null
PTT-TH-HO-B1-FL3-AP3802I-5,b4b8c743-f50b-4637-838e-14f236f1e09e,,Unified AP,AIR-AP3802I-S-K9,ACCESS,FGL2302ABW9,"69 days, 01:24:49.210",null
PTT-TH-HO-B1-FL3-AP3802I-6,a414a48e-daa7-4c45-b6fd-1564381069b1,,Unified AP,AIR-AP3802I-S-K9,ACCESS,FGL2302AC0B,"69 days, 01:25:34.350",null
PTT-TH-HO-B1-FL3-AP3802I-7,cab1b2a4-8c51-42be-ac85-d795ce9d186f,,Unified AP,AIR-AP3802I-S-K9,ACCESS,FGL2302ABWS,"69 days, 01:21:18.550",null
PTT-TH-HO-B1-FL3-AP3802I-8,d82e14f5-2a9f-4c74-b5f2-79c1a9937a1c,,Unified AP,AIR-AP3802I-S-K9,ACCESS,FGL2302ABWK,"69 days, 01:28:38.590",null
PTT-TH-HO-B1-FL3-AP3802I-9,17bdaa34-f1ec-46a3-8eff-f13a2e0a71ae,,Unified AP,AIR-AP3802I-S-K9,ACCESS,FGL2302ABZV,"69 days, 01:24:18.220",null
PTT-TH-HO-B1-FL4-AP3802I-1,eae4daf5-5981-4e55-9a11-cf7bad20dd8a,,Unified AP,AIR-AP3802I-S-K9,ACCESS,FGL2302ACBF,"69 days, 01:28:20.380",null
PTT-TH-HO-B1-FL4-AP3802I-2,3b1f5dd2-d555-45cd-9d0a-884b0b6d4c92,,Unified AP,AIR-AP3802I-S-K9,ACCESS,FGL2302ABZY,"69 days, 01:21:02.520",null
PTT-TH-HO-B1-FL4-AP3802I-3,f9b4b52a-c06f-417b-83ff-aac04f1dd0ea,,Unified AP,AIR-AP3802I-S-K9,ACCESS,FGL2302ABZ8,"69 days, 01:26:36.300",null
PTT-TH-HO-B1-FL4-AP3802I-4,d8d42a42-9e8d-4edf-b34e-6f76bd7b0ea9,,Unified AP,AIR-AP3802I-S-K9,ACCESS,FGL2302AC74,"69 days, 01:26:48.610",null
PTT-TH-HO-B1-FL4-AP3802I-5,8cc07cf3-9b80-4eee-834b-81127d55dc8f,,Unified AP,AIR-AP3802I-S-K9,ACCESS,FGL2302ACBD,"69 days, 01:22:48.670",null
PTT-TH-HO-B1-FL4-AP3802I-6,d913c184-800e-4086-96a2-dc6b2555ee93,,Unified AP,AIR-AP3802I-S-K9,ACCESS,FGL2302AC7F,"69 days, 01:23:35.420",null
PTT-TH-HO-B1-FL4-AP3802I-7,53cf2712-965c-46d0-921a-6a1764bf322a,,Unified AP,AIR-AP3802I-S-K9,ACCESS,FGL2302AC01,"69 days, 01:24:13.220",null
PTT-TH-HO-B1-FL4-AP3802I-8,e4e84eff-5514-4e14-a436-daef2884f7b5,,Unified AP,AIR-AP3802I-S-K9,ACCESS,FGL2302AC7A,"69 days, 01:28:01.480",null
PTT-TH-HO-B1-FL5-AP3802I-1,51cd62e4-7f36-407f-84d7-554182bdb2cd,,Unified AP,AIR-AP3802I-S-K9,ACCESS,FGL2302ACBM,"69 days, 01:22:55.660",null
PTT-TH-HO-B1-FL5-AP3802I-2,8bf6e4b2-52da-4eab-ac49-f38ebf0e04fb,,Unified AP,AIR-AP3802I-S-K9,ACCESS,FGL2302AC7M,"69 days, 01:24:09.680",null
PTT-TH-HO-B1-FL5-AP3802I-3,add35e9b-77eb-4a2e-96d9-b52016c1698d,,Unified AP,AIR-AP3802I-S-K9,ACCESS,FGL2302ACAK,"69 days, 01:28:55.400",null
PTT-TH-HO-B1-FL5-AP3802I-4,f6c1da47-954f-4579-840f-163760fd9d8f,,Unified AP,AIR-AP3802I-S-K9,ACCESS,FGL2302ABXK,"69 days, 01:25:12.490",null
PTT-TH-HO-B1-FL5-AP3802I-5,7a8bf1b2-4c8a-475f-9418-8d917d2fafc4,,Unified AP,AIR-AP3802I-S-K9,ACCESS,FGL2302ABX5,"69 days, 01:23:32.420",null
PTT-TH-HO-B1-FL5-AP3802I-6,14a73f4d-44dc-43a8-b986-47839da71ec5,,Unified AP,AIR-AP3802I-S-K9,ACCESS,FGL2302ABWM,"69 days, 01:26:55.290",null
PTT-TH-HO-B1-FL5-AP3802I-7,3d1fe821-287d-4051-9dcd-ebbe6401ea51,,Unified AP,AIR-AP3802I-S-K9,ACCESS,FGL2302ABWV,"69 days, 01:27:07.360",null
PTT-TH-HO-B1-FL5-AP3802I-8,620b6910-46cf-4dbc-9f66-c439b5ffbb51,,Unified AP,AIR-AP3802I-S-K9,ACCESS,FGL2302ACAL,"69 days, 01:28:08.390",null
PTT-TH-HO-B1-FL6-AP3802I-1,bd4b04ef-db61-4f9e-9ef8-10a4bae9b6fd,,Unified AP,AIR-AP3802I-S-K9,ACCESS,FGL2302ABVD,"148 days, 19:31:13.290",null
PTT-TH-HO-B1-FL6-AP3802I-2,41d65be2-2139-4838-ad7f-96035c5ccc0d,,Unified AP,AIR-AP3802I-S-K9,ACCESS,FGL2302ABUP,"148 days, 19:35:30.280",null
PTT-TH-HO-B1-FL6-AP3802I-3,8f128fda-c649-4e81-b0fd-65347447ea71,,Unified AP,AIR-AP3802I-S-K9,ACCESS,FGL2302ABV2,"148 days, 19:03:01.100",null
PTT-TH-HO-B1-FL6-AP3802I-4,9354031e-eef3-4e65-adfd-9b0ba8830741,,Unified AP,AIR-AP3802I-S-K9,ACCESS,FGL2302ABWJ,"202 days, 04:37:26.210",null
PTT-TH-HO-B1-FL6-AP3802I-5,d0fe1a28-c287-40e9-b7c7-ad70727bb958,,Unified AP,AIR-AP3802I-S-K9,ACCESS,FGL2302ABVE,"202 days, 04:37:25.460",null
PTT-TH-HO-B1-FL6-AP3802I-6,6e5c4441-22bf-4aa6-8362-ff0fe438e782,,Unified AP,AIR-AP3802I-S-K9,ACCESS,FGL2302ABV4,"202 days, 04:37:25.240",null
PTT-TH-HO-B1-FL6-AP3802I-7,7ccdbe33-3568-40bd-9fb1-8ebeadce9162,,Unified AP,AIR-AP3802I-S-K9,ACCESS,FGL2302ABUY,"30 days, 04:05:24.230",null
PTT-TH-HO-B1-FL6-AP3802I-8,92754968-6d04-4e84-b1b6-57d4a44fe034,,Unified AP,AIR-AP3802I-S-K9,ACCESS,FGL2302ABV9,"171 days, 22:42:28.200",null
PTT-TH-HO-B1-FL6-AP3802I-9,2c77d3e6-ba2c-4d38-b3f7-3d2fd3af33b1,,Unified AP,AIR-AP3802I-S-K9,ACCESS,FGL2302ACEF,"173 days, 22:33:26.700",null
PTT-TH-HO-B1-FL7-AP3802I-1,7862b683-5cb4-42fd-bc2a-821da6fcda1b,,Unified AP,AIR-AP3802I-S-K9,ACCESS,FGL2302AC1W,"64 days, 00:17:04.530",null
PTT-TH-HO-B1-FL7-AP3802I-2,ddd7e306-18bf-4763-a14c-eadd6d65631e,,Unified AP,AIR-AP3802I-S-K9,ACCESS,FGL2302AC18,"69 days, 02:03:09.440",null
PTT-TH-HO-B1-FL7-AP3802I-3,10e3e20f-1bfd-4bf8-ae68-e8d6872b4a20,,Unified AP,AIR-AP3802I-S-K9,ACCESS,FGL2302AC2Q,"69 days, 01:19:26.510",null
PTT-TH-HO-B1-FL7-AP3802I-4,0e6f378a-730c-4aed-813e-579c3f88e14a,,Unified AP,AIR-AP3802I-S-K9,ACCESS,FGL2302AC7T,"69 days, 01:20:33.270",null
PTT-TH-HO-B1-FL7-AP3802I-5,9d421911-aed6-467b-bc6f-39524666c4a7,,Unified AP,AIR-AP3802I-S-K9,ACCESS,FGL2302ACC8,"69 days, 01:28:53.390",null
PTT-TH-HO-B1-FL7-AP3802I-6,ce5c051e-4914-4284-9d9e-ea5c50ea3794,,Unified AP,AIR-AP3802I-S-K9,ACCESS,FGL2302AC1X,"27 days, 21:05:03.010",null
PTT-TH-HO-B1-FL7-AP3802I-7,55ec4e8d-b8ff-4b51-a293-f9eda1d58074,,Unified AP,AIR-AP3802I-S-K9,ACCESS,FGL2302AC8V,"69 days, 01:23:42.690",null
PTT-TH-HO-B1-FL7-AP3802I-8,e46a9fd8-718e-4fef-8e1c-7471e6292047,,Unified AP,AIR-AP3802I-S-K9,ACCESS,FGL2302ABZD,"69 days, 01:28:29.600",null
PTT-TH-HO-B1-FL8-AP3802I-1,2195bfaa-f45a-4666-a2bf-3a402fab9f2d,,Unified AP,AIR-AP3802I-S-K9,ACCESS,FGL2302ABZB,"69 days, 01:17:45.210",null
PTT-TH-HO-B1-FL8-AP3802I-2,ac29f346-77d6-4904-9257-621273cb315b,,Unified AP,AIR-AP3802I-S-K9,ACCESS,FGL2302ABX3,"69 days, 01:24:05.110",null
PTT-TH-HO-B1-FL8-AP3802I-3,b7ae7803-e2d5-4b18-9373-7f0bcb1a98fb,,Unified AP,AIR-AP3802I-S-K9,ACCESS,FGL2302ABWP,"69 days, 01:17:48.210",null
PTT-TH-HO-B1-FL8-AP3802I-4,97009810-b6b5-4310-844b-ea354f750107,,Unified AP,AIR-AP3802I-S-K9,ACCESS,FGL2302ABZ7,"69 days, 01:28:04.540",null
PTT-TH-HO-B1-FL8-AP3802I-5,2908e84b-190d-465a-869b-1883fa4eb98b,,Unified AP,AIR-AP3802I-S-K9,ACCESS,FGL2302ABXS,"69 days, 01:21:24.530",null
PTT-TH-HO-B1-FL8-AP3802I-6,bf5ccae9-1a01-43cc-b30e-2de198f7424a,,Unified AP,AIR-AP3802I-S-K9,ACCESS,FGL2302ABWN,"69 days, 01:26:40.620",null
PTT-TH-HO-B1-FL8-AP3802I-7,942a4617-c63b-44c8-b215-82cbf2066351,,Unified AP,AIR-AP3802I-S-K9,ACCESS,FGL2302AC29,"107 days, 08:47:31.100",null
PTT-TH-HO-B1-FL9-AP3802I-1,32eb3765-374e-4491-a71f-1df41c675c11,,Unified AP,AIR-AP3802I-S-K9,ACCESS,FGL2302ABVS,"69 days, 01:29:02.590",null
PTT-TH-HO-B1-FL9-AP3802I-2,55427cbc-bfe8-4c7d-8733-d7c3977d2157,,Unified AP,AIR-AP3802I-S-K9,ACCESS,FGL2302ABUX,"69 days, 01:20:09.580",null
PTT-TH-HO-B1-FL9-AP3802I-3,807588de-626a-4b4a-a606-45f58bd8fcaa,,Unified AP,AIR-AP3802I-S-K9,ACCESS,FGL2302AC0C,"69 days, 01:27:54.520",null
PTT-TH-HO-B1-FL9-AP3802I-4,07282abb-ede0-4af7-8a3a-83f104299296,,Unified AP,AIR-AP3802I-S-K9,ACCESS,FGL2302ABYQ,"69 days, 01:26:39.300",null
PTT-TH-HO-B1-FL9-AP3802I-5,9af450e8-db17-4b53-a9f0-a63e7dd114be,,Unified AP,AIR-AP3802I-S-K9,ACCESS,FGL2302ACBH,"69 days, 01:51:10.260",null
PTT-TH-HO-B1-FL9-AP3802I-6,2c05b1e8-32b4-46b0-8288-7fcbbe9ee0ea,,Unified AP,AIR-AP3802I-S-K9,ACCESS,FGL2302ABXN,"69 days, 01:29:34.450",null
PTT-TH-HO-B1-FL9-AP3802I-7,fb7f9106-42c0-481e-92d9-fa9b50776e8e,,Unified AP,AIR-AP3802I-S-K9,ACCESS,FGL2302AC2E,"69 days, 01:25:02.430",null
PTT-TH-HO-B1-FL9-AP3802I-8,6824e0e1-0d90-42ce-9ffc-9a25d2c1bf67,,Unified AP,AIR-AP3802I-S-K9,ACCESS,FGL2302ABXR,"69 days, 01:27:29.230",null
PTT-TH-HO-B1-FLB-AP3802I-1,e122935c-b77e-457d-bec0-10a5aa720a6c,,Unified AP,AIR-AP3802I-S-K9,ACCESS,FGL2302ABYK,"52 days, 10:04:58.520",null
PTT-TH-HO-B1-FLB-AP3802I-2,f51afde5-f8ee-43ff-8beb-c2f4d104705b,,Unified AP,AIR-AP3802I-S-K9,ACCESS,FGL2302AC8P,"52 days, 10:04:55.650",null
PTT-TH-HO-B1-FLB-AP3802I-3,cdf13852-5573-4b99-b5c2-899e59238f33,,Unified AP,AIR-AP3802I-S-K9,ACCESS,FGL2302ABXT,"52 days, 10:04:58.460",null
PTT-TH-HO-B1-FLB-AP3802I-4,b408fce1-9787-49cd-a1a3-ced14df2d751,,Unified AP,AIR-AP3802I-S-K9,ACCESS,FGL2302ACCC,"52 days, 10:04:54.660",null
PTT-TH-HO-B1-FLB-AP3802I-5,699ff8c3-dd0c-4b28-a15b-8dfe837ccf95,,Unified AP,AIR-AP3802I-S-K9,ACCESS,FGL2302ABZE,"52 days, 10:04:58.290",null
PTT-TH-HO-B1-FLB-AP3802I-6,85e9204d-37ba-46d0-aebb-12ebf88104ee,,Unified AP,AIR-AP3802I-S-K9,ACCESS,FGL2302ACEC,"52 days, 10:04:55.400",null
PTT-TH-HO-B2-FL1-AP3802-11,c8960add-bd14-4cab-b97c-d9250fdb43a8,,Unified AP,AIR-AP3802I-S-K9,ACCESS,FGL2302AC1E,"8 days, 10:08:38.440",null
PTT-TH-HO-B2-FL1-AP3802-3,be4aa042-7d20-4112-993b-77cde284e52f,,Unified AP,AIR-AP3802I-S-K9,ACCESS,FGL2302ABUD,"34 days, 01:02:20.230",null
PTT-TH-HO-B2-FL1-AP3802I-1,ad7b44c1-b383-449f-bf00-568c70922827,,Unified AP,AIR-AP3802I-S-K9,ACCESS,FGL2302ABWG,"4 days, 04:39:03.630",null
PTT-TH-HO-B2-FL1-AP3802I-10,6f883be1-4fc3-4eb4-879e-0d2d2af5c854,,Unified AP,AIR-AP3802I-S-K9,ACCESS,FGL2302ACD3,"7 days, 00:58:41.250",null
PTT-TH-HO-B2-FL1-AP3802I-2,ae3656ec-9ee4-4a19-8ce3-c12178eaa81d,,Unified AP,AIR-AP3802I-S-K9,ACCESS,FGL2302ABXB,"36 days, 11:20:17.980",null
PTT-TH-HO-B2-FL1-AP3802I-4,33389d40-2a38-4efd-9e0b-ce7a70f37cb1,,Unified AP,AIR-AP3802I-S-K9,ACCESS,FGL2302ABY5,"34 days, 00:59:50.350",null
PTT-TH-HO-B2-FL1-AP3802I-5,f588b582-4f87-4577-8ada-e159e7d19acf,,Unified AP,AIR-AP3802I-S-K9,ACCESS,FGL2302ACDD,"34 days, 01:02:17.250",null
PTT-TH-HO-B2-FL1-AP3802I-6,3723bf13-f652-4567-b8d3-ab753e33d9de,,Unified AP,AIR-AP3802I-S-K9,ACCESS,FGL2302ACBG,"34 days, 00:59:50.380",null
PTT-TH-HO-B2-FL1-AP3802I-7,ea01c83c-4fd9-49ee-b516-1e11cebabac7,,Unified AP,AIR-AP3802I-S-K9,ACCESS,FGL2302AC7C,"34 days, 00:59:50.370",null
PTT-TH-HO-B2-FL1-AP3802I-8,2089419e-bde1-43f3-b97f-616d5979aba8,,Unified AP,AIR-AP3802I-S-K9,ACCESS,FGL2302ACC7,"34 days, 00:59:50.680",null
PTT-TH-HO-B2-FL1-AP3802I-9,8de570db-0dc8-4ffd-8aba-d546cc436a7a,,Unified AP,AIR-AP3802I-S-K9,ACCESS,FGL2302AC1H,"34 days, 00:59:50.450",null
PTT-TH-HO-B2-FL2-AP3802I-1,f307a34c-fa94-4cdf-acbb-e8dcbac9f36d,,Unified AP,AIR-AP3802I-S-K9,ACCESS,FGL2302ACCA,"34 days, 00:59:40.270",null
PTT-TH-HO-B2-FL2-AP3802I-10,36fc402a-efa8-47bd-a3b6-e08e80f56b1d,,Unified AP,AIR-AP3802I-S-K9,ACCESS,FGL2302ABY7,"32 days, 04:26:58.500",null
PTT-TH-HO-B2-FL2-AP3802I-11,3b7b633c-1594-4574-a6c4-8d1c898d7f57,,Unified AP,AIR-AP3802I-S-K9,ACCESS,FGL2302AC62,"34 days, 00:59:40.670",null
PTT-TH-HO-B2-FL2-AP3802I-12,bc558c37-5677-4520-8392-2aa57fce3de0,,Unified AP,AIR-AP3802I-S-K9,ACCESS,FGL2302ABY3,"32 days, 04:26:58.420",null
PTT-TH-HO-B2-FL2-AP3802I-13,077a3d34-62dd-402c-b745-a7cdb5266958,,Unified AP,AIR-AP3802I-S-K9,ACCESS,FGL2302AC0D,"34 days, 00:59:40.520",null
PTT-TH-HO-B2-FL2-AP3802I-14,9b6e23f7-5dcb-450f-aba7-99dc44cf1e18,,Unified AP,AIR-AP3802I-S-K9,ACCESS,FGL2302ACAJ,"32 days, 04:26:58.690",null
PTT-TH-HO-B2-FL2-AP3802I-15,ea065e26-7ab4-44d5-8cad-cd383d4599a3,,Unified AP,AIR-AP3802I-S-K9,ACCESS,FGL2302ACAH,"34 days, 00:59:40.400",null
PTT-TH-HO-B2-FL2-AP3802I-16,ae5dee36-dc5b-4afe-a003-1b983904a140,,Unified AP,AIR-AP3802I-S-K9,ACCESS,FGL2302AC8R,"32 days, 04:26:58.190",null
PTT-TH-HO-B2-FL2-AP3802I-2,7e00464d-9202-4f35-9fe4-95b3afbd7d5d,,Unified AP,AIR-AP3802I-S-K9,ACCESS,FGL2302AC1U,"32 days, 04:26:58.430",null
PTT-TH-HO-B2-FL2-AP3802I-3,247b5bdc-b14a-473a-ad45-aebf72106de2,,Unified AP,AIR-AP3802I-S-K9,ACCESS,FGL2302AC0R,"34 days, 00:59:40.300",null
PTT-TH-HO-B2-FL2-AP3802I-4,e4333a49-d2f8-4d1d-8285-99f3d5f681e2,,Unified AP,AIR-AP3802I-S-K9,ACCESS,FGL2302ACC5,"32 days, 04:26:58.680",null
PTT-TH-HO-B2-FL2-AP3802I-5,6da7c71a-0775-42de-8639-6c04bdd04604,,Unified AP,AIR-AP3802I-S-K9,ACCESS,FGL2302ACC3,"34 days, 00:59:40.260",null
PTT-TH-HO-B2-FL2-AP3802I-6,f4b11ebf-a3df-4e08-9423-8f8bf288dfb7,,Unified AP,AIR-AP3802I-S-K9,ACCESS,FGL2302ABWX,"32 days, 04:26:58.550",null
PTT-TH-HO-B2-FL2-AP3802I-7,c2f60816-b2a6-4526-ae1a-ed63d78d26a7,,Unified AP,AIR-AP3802I-S-K9,ACCESS,FGL2302ACB2,"34 days, 00:59:40.670",null
PTT-TH-HO-B2-FL2-AP3802I-8,019cd001-9278-4756-b261-b561a3b347fe,,Unified AP,AIR-AP3802I-S-K9,ACCESS,FGL2302ABU8,"32 days, 04:26:58.360",null
PTT-TH-HO-B2-FL2-AP3802I-9,718828a1-8a46-4897-9f4f-ecb5c744e350,,Unified AP,AIR-AP3802I-S-K9,ACCESS,FGL2302ACDH,"34 days, 00:59:40.400",null
PTT-TH-HO-B2-FL3-AP3802I-1,dacd48cb-e9cd-4289-a865-2d1f0cc7c349,,Unified AP,AIR-AP3802I-S-K9,ACCESS,FGL2302ABYU,"34 days, 00:59:40.620",null
PTT-TH-HO-B2-FL3-AP3802I-10,943c1399-91a6-4e72-af17-a23544fed910,,Unified AP,AIR-AP3802I-S-K9,ACCESS,FGL2302ABYY,"34 days, 00:59:40.300",null
PTT-TH-HO-B2-FL3-AP3802I-11,8c2b2c6b-cc78-4d3b-89b9-78b780a831e8,,Unified AP,AIR-AP3802I-S-K9,ACCESS,FGL2302AC0F,"34 days, 00:59:40.610",null
PTT-TH-HO-B2-FL3-AP3802I-12,808f8833-e2b9-4ee5-9b98-fe47222cc8bf,,Unified AP,AIR-AP3802I-S-K9,ACCESS,FGL2302ABV6,"34 days, 00:59:38.280",null
PTT-TH-HO-B2-FL3-AP3802I-13,833e91c2-bc57-481d-a77f-b419da745bc7,,Unified AP,AIR-AP3802I-S-K9,ACCESS,FGL2302AC0W,"34 days, 00:59:41.220",null
PTT-TH-HO-B2-FL3-AP3802I-14,da11fe57-5ad2-4df2-a299-468f89e1226e,,Unified AP,AIR-AP3802I-S-K9,ACCESS,FGL2302AC9M,"34 days, 00:59:39.450",null
PTT-TH-HO-B2-FL3-AP3802I-15,b5bcd885-9b03-4e57-a346-c888755fd263,,Unified AP,AIR-AP3802I-S-K9,ACCESS,FGL2302ABVA,"34 days, 00:59:38.240",null
PTT-TH-HO-B2-FL3-AP3802I-2,325538a6-2666-4119-8b7a-3d67dd628bfc,,Unified AP,AIR-AP3802I-S-K9,ACCESS,FGL2302ABVC,"34 days, 00:59:40.230",null
PTT-TH-HO-B2-FL3-AP3802I-3,c36d3e75-e974-4c67-b3d9-2e9a14f74577,,Unified AP,AIR-AP3802I-S-K9,ACCESS,FGL2302AC2N,"34 days, 00:59:38.440",null
PTT-TH-HO-B2-FL3-AP3802I-4,b7ce608f-4c5b-4e8b-9170-34c810de0420,,Unified AP,AIR-AP3802I-S-K9,ACCESS,FGL2302ACBL,"34 days, 00:59:41.280",null
PTT-TH-HO-B2-FL3-AP3802I-5,e0a13963-b5fd-4897-b5cc-f141a2118e2e,,Unified AP,AIR-AP3802I-S-K9,ACCESS,FGL2302ACD1,"34 days, 00:59:39.660",null
PTT-TH-HO-B2-FL3-AP3802I-6,4dee7e37-0d89-448f-b87d-dcb105fec97d,,Unified AP,AIR-AP3802I-S-K9,ACCESS,FGL2302ABXZ,"34 days, 00:59:38.500",null
PTT-TH-HO-B2-FL3-AP3802I-7,937d999c-4186-4792-a520-966267c45b9e,,Unified AP,AIR-AP3802I-S-K9,ACCESS,FGL2302ABZ0,"34 days, 00:59:40.300",null
PTT-TH-HO-B2-FL3-AP3802I-8,f8bf9396-d179-4d8d-98c9-78cec66a425a,,Unified AP,AIR-AP3802I-S-K9,ACCESS,FGL2302ABUL,"34 days, 00:59:40.370",null
PTT-TH-HO-B2-FL3-AP3802I-9,8542d87a-2dc8-4b9c-bd51-c3d07261bbfb,,Unified AP,AIR-AP3802I-S-K9,ACCESS,FGL2302ACDF,"34 days, 00:59:38.690",null
PTT-TH-HO-B2-FL4-AP3802I-1,df177964-95a0-48ad-b07d-490f2cb3d94e,,Unified AP,AIR-AP3802I-S-K9,ACCESS,FGL2302ABUN,"34 days, 00:59:45.240",null
PTT-TH-HO-B2-FL4-AP3802I-10,fe22edfc-4029-4c71-a2cb-5d6bc3dc310d,,Unified AP,AIR-AP3802I-S-K9,ACCESS,FGL2302AC65,"34 days, 00:59:44.370",null
PTT-TH-HO-B2-FL4-AP3802I-11,46c18815-8ae7-4caa-928f-77ca272995b7,,Unified AP,AIR-AP3802I-S-K9,ACCESS,FGL2302ABUH,"34 days, 00:59:41.440",null
PTT-TH-HO-B2-FL4-AP3802I-12,1abaa23b-b98b-484c-8495-725a888535bc,,Unified AP,AIR-AP3802I-S-K9,ACCESS,FGL2302ABYC,"34 days, 00:59:43.540",null
PTT-TH-HO-B2-FL4-AP3802I-13,f555949f-4f82-42e9-9315-6317c6fc406b,,Unified AP,AIR-AP3802I-S-K9,ACCESS,FGL2302AC79,"34 days, 00:59:44.470",null
PTT-TH-HO-B2-FL4-AP3802I-14,c5785d5c-8fcb-42fa-b205-bf14177c7800,,Unified AP,AIR-AP3802I-S-K9,ACCESS,FGL2302ACAD,"34 days, 00:59:41.560",null
PTT-TH-HO-B2-FL4-AP3802I-15,b6de247f-ec96-455c-9bb7-39b57b9e5612,,Unified AP,AIR-AP3802I-S-K9,ACCESS,FGL2302ABUC,"34 days, 00:59:43.360",null
PTT-TH-HO-B2-FL4-AP3802I-2,96db595e-88c5-41ac-a963-80f79142752e,,Unified AP,AIR-AP3802I-S-K9,ACCESS,FGL2302ABVH,"34 days, 00:59:41.590",null
PTT-TH-HO-B2-FL4-AP3802I-3,ee15e7cc-1ad0-49c9-9353-de757ed2f7a2,,Unified AP,AIR-AP3802I-S-K9,ACCESS,FGL2302ABVB,"34 days, 00:59:44.410",null
PTT-TH-HO-B2-FL4-AP3802I-4,aa76db5c-0630-4724-98db-816edd12d86a,,Unified AP,AIR-AP3802I-S-K9,ACCESS,FGL2302AC0G,"34 days, 00:59:45.440",null
PTT-TH-HO-B2-FL4-AP3802I-5,be4845e7-1260-402f-b0b1-8b44b108fcdd,,Unified AP,AIR-AP3802I-S-K9,ACCESS,FGL2302ABUS,"34 days, 00:59:42.620",null
PTT-TH-HO-B2-FL4-AP3802I-6,b2bb9e5f-2d5c-41d0-a647-1e07d2252d65,,Unified AP,AIR-AP3802I-S-K9,ACCESS,FGL2302ABVF,"34 days, 00:59:43.290",null
PTT-TH-HO-B2-FL4-AP3802I-7,62786d51-c7ee-40f8-aad2-f89999a50ecb,,Unified AP,AIR-AP3802I-S-K9,ACCESS,FGL2302ABZF,"34 days, 00:59:44.610",null
PTT-TH-HO-B2-FL4-AP3802I-8,a5984cf2-308b-4568-bd75-e92345301588,,Unified AP,AIR-AP3802I-S-K9,ACCESS,FGL2302ABYW,"34 days, 00:59:41.590",null
PTT-TH-HO-B2-FL4-AP3802I-9,552e3967-b808-4e68-bd97-6694316d9b3c,,Unified AP,AIR-AP3802I-S-K9,ACCESS,FGL2302AC61,"34 days, 00:59:43.650",null
PTT-TH-HO-B2-FL5-AP3802I-1,fc1d8886-18b9-4343-82b9-814cc770102c,,Unified AP,AIR-AP3802I-S-K9,ACCESS,FGL2302ABUG,"34 days, 00:59:38.230",null
PTT-TH-HO-B2-FL5-AP3802I-10,3048f4b9-61a4-4906-b1cf-863d14a8fb7a,,Unified AP,AIR-AP3802I-S-K9,ACCESS,FGL2302AC2M,"34 days, 00:59:39.510",null
PTT-TH-HO-B2-FL5-AP3802I-11,2ca04553-8af3-41ef-9eae-ef8745d5ee33,,Unified AP,AIR-AP3802I-S-K9,ACCESS,FGL2302ACD0,"34 days, 00:59:37.370",null
PTT-TH-HO-B2-FL5-AP3802I-12,bb3d69db-e294-4d23-97dd-58c8c8f6335a,,Unified AP,AIR-AP3802I-S-K9,ACCESS,FGL2302ABYH,"34 days, 00:59:37.460",null
PTT-TH-HO-B2-FL5-AP3802I-13,ae12a63a-4434-432c-979f-9b6023ea8c26,,Unified AP,AIR-AP3802I-S-K9,ACCESS,FGL2302ABYG,"34 days, 00:59:39.450",null
PTT-TH-HO-B2-FL5-AP3802I-14,46b56190-3f72-4397-bc61-3708ca86055f,,Unified AP,AIR-AP3802I-S-K9,ACCESS,FGL2302ACE3,"34 days, 00:59:37.650",null
PTT-TH-HO-B2-FL5-AP3802I-15,28fbc0dc-1a3d-410d-a4d9-bf1cf08e640d,,Unified AP,AIR-AP3802I-S-K9,ACCESS,FGL2302ABXH,"34 days, 00:59:37.620",null
PTT-TH-HO-B2-FL5-AP3802I-2,73c7afa6-7d61-40b6-9fcf-9e13b41fc865,,Unified AP,AIR-AP3802I-S-K9,ACCESS,FGL2302AC78,"34 days, 00:59:38.470",null
PTT-TH-HO-B2-FL5-AP3802I-3,5fd19e0a-abd3-4318-8cd6-06a7e2c6d140,,Unified AP,AIR-AP3802I-S-K9,ACCESS,FGL2302ABYX,"34 days, 00:59:36.210",null
PTT-TH-HO-B2-FL5-AP3802I-4,bb40022f-5b03-4387-b1b2-19c26ab3094b,,Unified AP,AIR-AP3802I-S-K9,ACCESS,FGL2302ACCR,"34 days, 00:59:38.690",null
PTT-TH-HO-B2-FL5-AP3802I-5,d0670191-0f49-4607-a30f-13464b4de53a,,Unified AP,AIR-AP3802I-S-K9,ACCESS,FGL2302AC9W,"34 days, 00:59:37.680",null
PTT-TH-HO-B2-FL5-AP3802I-6,ab223c4b-0ce7-46f5-9fd4-b2d71b3a7eb8,,Unified AP,AIR-AP3802I-S-K9,ACCESS,FGL2302AC9B,"34 days, 00:59:36.390",null
PTT-TH-HO-B2-FL5-AP3802I-7,b28ad17a-5e1f-4776-b6ec-7a76922fb67d,,Unified AP,AIR-AP3802I-S-K9,ACCESS,FGL2302AC7V,"34 days, 00:59:38.560",null
PTT-TH-HO-B2-FL5-AP3802I-8,e485f631-ed82-4fe3-a1db-9a2a48fa824a,,Unified AP,AIR-AP3802I-S-K9,ACCESS,FGL2302ABXX,"34 days, 00:59:37.240",null
PTT-TH-HO-B2-FL5-AP3802I-9,32a13063-ca1f-4f13-b843-be79ad7507c9,,Unified AP,AIR-AP3802I-S-K9,ACCESS,FGL2302AC3L,"34 days, 00:59:36.640",null
PTT-TH-HO-B2-FL6-AP3802I-1,0882c564-c75d-41fd-add5-48c6668de749,,Unified AP,AIR-AP3802I-S-K9,ACCESS,FGL2302ABX9,"9 days, 20:40:48.200",null
PTT-TH-HO-B2-FL6-AP3802I-10,8090281e-aea9-4f11-9517-34bceb016579,,Unified AP,AIR-AP3802I-S-K9,ACCESS,FGL2302ABWE,"9 days, 20:40:49.550",null
PTT-TH-HO-B2-FL6-AP3802I-11,80eceae4-2db1-4f79-86a3-85b0090df82d,,Unified AP,AIR-AP3802I-S-K9,ACCESS,FGL2302ABYA,"9 days, 20:40:47.250",null
PTT-TH-HO-B2-FL6-AP3802I-12,87234ffa-d92b-4c28-828d-b6ca0731e97f,,Unified AP,AIR-AP3802I-S-K9,ACCESS,FGL2302ABYE,"9 days, 20:40:45.650",null
PTT-TH-HO-B2-FL6-AP3802I-13,6e8e3ab4-9589-445b-b515-40c20a6155e6,,Unified AP,AIR-AP3802I-S-K9,ACCESS,FGL2302ABVP,"9 days, 20:40:49.290",null
PTT-TH-HO-B2-FL6-AP3802I-14,065b202f-5f84-4593-8d33-6dafa18ce281,,Unified AP,AIR-AP3802I-S-K9,ACCESS,FGL2302ABZU,"9 days, 20:40:47.600",null
PTT-TH-HO-B2-FL6-AP3802I-15,1112b4f8-5855-493e-b932-eafabd738770,,Unified AP,AIR-AP3802I-S-K9,ACCESS,FGL2302ABUE,"9 days, 20:40:45.630",null
PTT-TH-HO-B2-FL6-AP3802I-2,ee98a837-e67a-4bec-a9da-ce703e9fd248,,Unified AP,AIR-AP3802I-S-K9,ACCESS,FGL2302ABUQ,"9 days, 20:40:48.410",null
PTT-TH-HO-B2-FL6-AP3802I-3,5377b747-d475-449a-95aa-1c90be67c54a,,Unified AP,AIR-AP3802I-S-K9,ACCESS,FGL2302AC6U,"9 days, 20:40:45.470",null
PTT-TH-HO-B2-FL6-AP3802I-4,7e19a06f-f9ae-4bff-8517-855492045eb7,,Unified AP,AIR-AP3802I-S-K9,ACCESS,FGL2302ABXM,"9 days, 20:40:49.450",null
PTT-TH-HO-B2-FL6-AP3802I-5,7b7082e4-e724-4930-9ba6-0b6cf3d99af3,,Unified AP,AIR-AP3802I-S-K9,ACCESS,FGL2302ABUW,"9 days, 20:40:47.490",null
PTT-TH-HO-B2-FL6-AP3802I-6,1f5d13da-34ea-49ec-be7b-0dd60f549770,,Unified AP,AIR-AP3802I-S-K9,ACCESS,FGL2302AC6T,"9 days, 20:40:45.560",null
PTT-TH-HO-B2-FL6-AP3802I-7,85f4d930-bf9e-4ec9-82ed-2606342aaeef,,Unified AP,AIR-AP3802I-S-K9,ACCESS,FGL2302AC00,"9 days, 20:40:48.210",null
PTT-TH-HO-B2-FL6-AP3802I-8,22373fe8-17d1-4ec3-9098-dc79c5a6eecb,,Unified AP,AIR-AP3802I-S-K9,ACCESS,FGL2302ABYM,"9 days, 20:40:47.620",null
PTT-TH-HO-B2-FL6-AP3802I-9,6ab1f86a-e78f-4de8-a832-3e64929a1a7d,,Unified AP,AIR-AP3802I-S-K9,ACCESS,FGL2302ABV8,"9 days, 20:40:45.620",null
PTT-TH-HO-B2-FL7-AP3802I-1,9c7ad77a-9eb5-4dc6-b7f3-b6d9ccd87f4f,,Unified AP,AIR-AP3802I-S-K9,ACCESS,FGL2302ABVW,"15 days, 20:07:53.540",null
PTT-TH-HO-B2-FL7-AP3802I-10,bf9831fe-761f-409f-a306-79390e15bd13,,Unified AP,AIR-AP3802I-S-K9,ACCESS,FGL2302AC0V,"15 days, 20:07:49.450",null
PTT-TH-HO-B2-FL7-AP3802I-11,1ecf0df4-b411-437e-b331-14f1b2a368f0,,Unified AP,AIR-AP3802I-S-K9,ACCESS,FGL2302AC0A,"15 days, 20:08:02.600",null
PTT-TH-HO-B2-FL7-AP3802I-12,98871ae3-0938-46d1-b4ba-f28a098fbaac,,Unified AP,AIR-AP3802I-S-K9,ACCESS,FGL2302ABZS,"15 days, 20:08:16.290",null
PTT-TH-HO-B2-FL7-AP3802I-13,5c6db365-c40c-4c81-a2e8-b40defd06b56,,Unified AP,AIR-AP3802I-S-K9,ACCESS,FGL2302ABZG,"15 days, 20:07:46.600",null
PTT-TH-HO-B2-FL7-AP3802I-14,f7689635-521d-4252-a24d-1210811ca2de,,Unified AP,AIR-AP3802I-S-K9,ACCESS,FGL2302ABYB,"15 days, 20:07:22.590",null
PTT-TH-HO-B2-FL7-AP3802I-15,20dcaa0e-e387-4c32-880c-f5b84d353a72,,Unified AP,AIR-AP3802I-S-K9,ACCESS,FGL2302AC09,"15 days, 20:08:28.520",null
PTT-TH-HO-B2-FL7-AP3802I-2,7c2c3973-b91d-43bf-a556-26dfdd81f097,,Unified AP,AIR-AP3802I-S-K9,ACCESS,FGL2302AC64,"15 days, 20:08:10.390",null
PTT-TH-HO-B2-FL7-AP3802I-3,59b4a1ab-e9fb-47cc-8208-195c19b78aaf,,Unified AP,AIR-AP3802I-S-K9,ACCESS,FGL2302ABUM,"13 days, 20:05:31.100",null
PTT-TH-HO-B2-FL7-AP3802I-4,30966d4b-c64c-4489-baf5-f6a4ce0a70f7,,Unified AP,AIR-AP3802I-S-K9,ACCESS,FGL2302ABZZ,"15 days, 20:07:59.210",null
PTT-TH-HO-B2-FL7-AP3802I-5,13864cf6-46e1-47f7-9630-f7f52ec6ccfd,,Unified AP,AIR-AP3802I-S-K9,ACCESS,FGL2302ABW6,"15 days, 20:08:23.580",null
PTT-TH-HO-B2-FL7-AP3802I-6,df30387d-ab4d-4426-b4dc-2a723ce68bb8,,Unified AP,AIR-AP3802I-S-K9,ACCESS,FGL2302ACC6,"15 days, 20:08:38.690",null
PTT-TH-HO-B2-FL7-AP3802I-7,aadb8bc8-2240-4d51-a0a8-24b4d8342b1b,,Unified AP,AIR-AP3802I-S-K9,ACCESS,FGL2302ACC9,"15 days, 20:08:06.110",null
PTT-TH-HO-B2-FL7-AP3802I-8,9ea459a2-c5be-4d6b-b963-eb80ce48d9f9,,Unified AP,AIR-AP3802I-S-K9,ACCESS,FGL2302ACBV,"14 days, 06:39:21.680",null
PTT-TH-HO-B2-FL7-AP3802I-9,cee9bfbe-41f8-482f-93dc-634e7ebb52e7,,Unified AP,AIR-AP3802I-S-K9,ACCESS,FGL2302ACC2,"15 days, 20:08:19.380",null
PTT-TH-HO-B2-FL8-AP3802I-1,28b59706-ab85-4bf8-97e8-a3e6937c3482,,Unified AP,AIR-AP3802I-S-K9,ACCESS,FGL2302ABVV,"34 days, 01:01:51.600",null
PTT-TH-HO-B2-FL8-AP3802I-2,bf6ca4ca-b7c5-4ee6-9eba-b60d7855d87d,,Unified AP,AIR-AP3802I-S-K9,ACCESS,FGL2302ABWB,"34 days, 01:01:50.460",null
PTT-TH-HO-B2-FL8-AP3802I-3,85a3fad8-0353-4ca5-954c-02565b4469da,,Unified AP,AIR-AP3802I-S-K9,ACCESS,FGL2302AC1B,"34 days, 01:01:51.640",null
PTT-TH-HO-B2-FL8-AP3802I-4,e5b4127b-c3e0-477d-9231-ee7f752ff282,,Unified AP,AIR-AP3802I-S-K9,ACCESS,FGL2302ABXJ,"34 days, 01:01:49.280",null
PTT-TH-HO-B2-FL8-AP3802I-5,8317ca3a-73c0-4e29-8265-d999ed715e79,,Unified AP,AIR-AP3802I-S-K9,ACCESS,FGL2302AC7Z,"34 days, 01:01:50.580",null
PTT-TH-HO-B2-FL8-AP3802I-6,a001d3f3-8f7a-4e6a-b2a5-f741c2eb45c9,,Unified AP,AIR-AP3802I-S-K9,ACCESS,FGL2302AC9Y,"34 days, 01:01:51.650",null
PTT-TH-HO-B2-FL8-AP3802I-7,da959858-f101-43f6-bc18-02ade8c5db4f,,Unified AP,AIR-AP3802I-S-K9,ACCESS,FGL2302ABUJ,"34 days, 01:01:51.640",null
PTT-TH-HO-B2-FL8-AP3802I-8,3fa44b28-1e58-4736-abe6-b05b00ee6d43,,Unified AP,AIR-AP3802I-S-K9,ACCESS,FGL2302ABTZ,"34 days, 01:01:50.410",null
PTT-TH-HO-B2-FL8-AP3802I-9,66671447-eaa3-462e-923c-04c62e45e576,,Unified AP,AIR-AP3802I-S-K9,ACCESS,FGL2302ACAF,"34 days, 01:01:52.480",null
PTT-TH-HO-B2-FL9-AP3802I-1,5a05b74b-da6a-4c38-9378-ff4d3747032d,,Unified AP,AIR-AP3802I-S-K9,ACCESS,FGL2302ABUV,"34 days, 01:01:51.500",null
PTT-TH-HO-B2-FL9-AP3802I-2,55220e58-e22a-4036-8d4f-29c1129fbf6e,,Unified AP,AIR-AP3802I-S-K9,ACCESS,FGL2302ACD4,"34 days, 01:01:51.660",null
PTT-TH-HO-B2-FL9-AP3802I-3,421b4fd3-14b5-4e99-a4ee-fc193b2dbe96,,Unified AP,AIR-AP3802I-S-K9,ACCESS,FGL2302ACB4,"34 days, 01:01:54.570",null
PTT-TH-HO-B2-FLB-AP3802I-1,9a48eb5d-ee24-4338-b48c-4f74b0a15f2f,,Unified AP,AIR-AP3802I-S-K9,ACCESS,FGL2302AC6X,"8 days, 10:08:38.560",null
PTT-TH-HO-B2-FLB-AP3802I-2,3345e65f-513a-4117-9c47-62af75db1873,,Unified AP,AIR-AP3802I-S-K9,ACCESS,FGL2302ABUF,"8 days, 10:08:38.240",null
PTT-TH-HO-B2-FLB-AP3802I-3,18363ad9-9959-4b81-957a-07275c7d4cf3,,Unified AP,AIR-AP3802I-S-K9,ACCESS,FGL2302AC60,"8 days, 10:08:37.260",null
PTT-TH-HO-B2-FLM-AP3802-12-Tmp,dc86d145-6d36-411f-8f42-0077b7f664a1,,Unified AP,AIR-AP3802I-S-K9,ACCESS,FGL2302ACWE,"8 days, 10:08:38.490",null
PTT-TH-HO-B2-FLM-AP3802I-1,ad3cfcac-5074-4e94-ac57-b3025401205b,,Unified AP,AIR-AP3802I-S-K9,ACCESS,FGL2302ACB1,"36 days, 13:08:32.190",null
PTT-TH-HO-B2-FLM-AP3802I-10,b35024d5-c7e7-473f-bd3f-00e2c0702374,,Unified AP,AIR-AP3802I-S-K9,ACCESS,FGL2302ABXD,"34 days, 00:59:49.420",null
PTT-TH-HO-B2-FLM-AP3802I-11,f170af54-ea02-4476-8118-107b055e73e5,,Unified AP,AIR-AP3802I-S-K9,ACCESS,FGL2302ABTX,"34 days, 00:59:50.110",null
PTT-TH-HO-B2-FLM-AP3802I-2,7fcfda5c-6c90-4296-8158-942e3177fd0f,,Unified AP,AIR-AP3802I-S-K9,ACCESS,FGL2302ABVZ,"36 days, 13:36:55.470",null
PTT-TH-HO-B2-FLM-AP3802I-3,a31fe57d-2a9f-4831-883f-82c5d40aea78,,Unified AP,AIR-AP3802I-S-K9,ACCESS,FGL2302ABZX,"34 days, 00:59:49.200",null
PTT-TH-HO-B2-FLM-AP3802I-4,58336dc5-628e-40ae-b7bc-97663ed59371,,Unified AP,AIR-AP3802I-S-K9,ACCESS,FGL2302ACAG,"34 days, 00:59:50.270",null
PTT-TH-HO-B2-FLM-AP3802I-5,fe0be424-1739-419a-b8ce-9b261cec6e9d,,Unified AP,AIR-AP3802I-S-K9,ACCESS,FGL2302ABTV,"18 days, 04:12:54.360",null
PTT-TH-HO-B2-FLM-AP3802I-6,c5a871df-c734-4cea-a880-a4df3fe19971,,Unified AP,AIR-AP3802I-S-K9,ACCESS,FGL2302AC7B,"34 days, 00:59:50.260",null
PTT-TH-HO-B2-FLM-AP3802I-7,f1ebd830-2013-4e15-908a-361d5dc6596a,,Unified AP,AIR-AP3802I-S-K9,ACCESS,FGL2302ACA4,"34 days, 00:59:49.100",null
PTT-TH-HO-B2-FLM-AP3802I-8,83fa8ab3-f482-4e1e-92d5-e93aefb5c550,,Unified AP,AIR-AP3802I-S-K9,ACCESS,FGL2302ACB6,"34 days, 00:59:51.670",null
PTT-TH-HO-B2-FLM-AP3802I-9,eba46c26-c62e-4a75-9d24-ada6ff1af6ab,,Unified AP,AIR-AP3802I-S-K9,ACCESS,FGL2302ABY6,"34 days, 00:59:51.220",null
PTT-TH-HO-B3-FL1-AP3802I-1,f039889b-f01b-49b3-9b0a-35c002ed0062,,Unified AP,AIR-AP3802I-S-K9,ACCESS,FGL2302ABUR,"8 days, 10:08:15.200",null
PTT-TH-HO-B3-FL1-AP3802I-2,5e356598-26da-4fc4-83f7-a790405ac477,,Unified AP,AIR-AP3802I-S-K9,ACCESS,FGL2302ABXV,"8 days, 10:08:25.630",null
PTT-TH-HO-B3-FL1-AP3802I-3,472d3903-d16b-4327-8d92-c5887d8e2882,,Unified AP,AIR-AP3802I-S-K9,ACCESS,FGL2302ACA8,"8 days, 10:08:14.110",null
PTT-TH-HO-B3-FL1-AP3802I-4,61f88775-c787-44a4-8bb8-86f4495a22b6,,Unified AP,AIR-AP3802I-S-K9,ACCESS,FGL2302ACCQ,"8 days, 10:08:14.250",null
PTT-TH-HO-B3-FL1-AP3802I-5,b2f7f196-a589-4dbf-b51a-78eeea4b04cd,,Unified AP,AIR-AP3802I-S-K9,ACCESS,FGL2302ABVX,"9 days, 17:48:48.420",null
PTT-TH-HO-B3-FL1-AP3802I-6,de0a5463-e243-4deb-84a1-29ee548ba8bd,,Unified AP,AIR-AP3802I-S-K9,ACCESS,FGL2302AC0Q,"8 days, 10:08:24.550",null
PTT-TH-HO-B3-FL2-AP3802I-1,8ff0cd7c-13d5-4a48-a45c-e6e785804630,,Unified AP,AIR-AP3802I-S-K9,ACCESS,FGL2302AC94,"8 days, 10:08:14.410",null
PTT-TH-HO-B3-FL2-AP3802I-2,33e053d9-f6d6-47b0-ac1f-babb2966a630,,Unified AP,AIR-AP3802I-S-K9,ACCESS,FGL2302ABWL,"8 days, 10:08:24.590",null
PTT-TH-HO-B3-FL2-AP3802I-3,195c1b99-77be-4702-b783-d5d683b3dc29,,Unified AP,AIR-AP3802I-S-K9,ACCESS,FGL2302ACA6,"8 days, 10:08:15.260",null
PTT-TH-HO-B3-FL2-AP3802I-4,684a8139-358a-4632-b449-574fb983af5f,,Unified AP,AIR-AP3802I-S-K9,ACCESS,FGL2302ABW4,"8 days, 10:08:24.610",null
PTT-TH-HO-B3-FL2-AP3802I-5,6cf8d9c2-4635-4f8b-800d-e60fc9590c88,,Unified AP,AIR-AP3802I-S-K9,ACCESS,FGL2302ACEJ,"8 days, 10:08:15.470",null
PTT-TH-HO-B3-FL2-AP3802I-6,9a9104f5-e6cc-4118-b47b-20ad8f66fbeb,,Unified AP,AIR-AP3802I-S-K9,ACCESS,FGL2302ACCS,"8 days, 10:08:25.680",null
PTT-TH-HO-B3-FL2-AP3802I-7,eb02f4db-4172-4ede-8976-fc088eb4a049,,Unified AP,AIR-AP3802I-S-K9,ACCESS,FGL2302ACED,"8 days, 10:08:15.400",null
PTT-TH-HO-B4-FL1A-AP3802-1,e0ae5bbd-f901-4d13-9475-24191b047cc6,,Unified AP,AIR-AP3802I-S-K9,ACCESS,FGL2302AD03,"8 days, 10:08:43.580",null
PTT-TH-HO-B4-FL1A-AP3802-2,37e7299d-7a05-4fdf-aaaa-5d61f77895f8,,Unified AP,AIR-AP3802I-S-K9,ACCESS,FGL2302ACZY,"8 days, 10:08:26.510",null
PTT-TH-HO-B4-FL1A-AP3802-3,8a483a60-85a3-4537-8414-e19bbce4ba9d,,Unified AP,AIR-AP3802I-S-K9,ACCESS,FGL2302AD02,"8 days, 10:08:42.630",null
PTT-TH-HO-B4-FL1-AP3802I-1,029d1284-b638-4ba1-a6f7-fbfa81e901c7,,Unified AP,AIR-AP3802I-S-K9,ACCESS,FGL2302ABVN,"9 days, 17:48:48.200",null
PTT-TH-HO-B4-FL1-AP3802I-2,3a7ba0b3-e2e4-4582-bc8e-bff76645696b,,Unified AP,AIR-AP3802I-S-K9,ACCESS,FGL2302ABUA,"69 days, 01:27:08.360",null
PTT-TH-HO-B4-FL1-AP3802I-3,3c54afe9-a143-4f2b-bba5-3d4fff1eeacc,,Unified AP,AIR-AP3802I-S-K9,ACCESS,FGL2302ACAZ,"69 days, 01:26:25.480",null
PTT-TH-HO-B4-FL1-AP3802I-4,4fbdbdcf-59a6-4b5a-8326-0c2db4f617b3,,Unified AP,AIR-AP3802I-S-K9,ACCESS,FGL2302ACDK,"69 days, 01:27:35.480",null
PTT-TH-HO-B4-FL1-AP3802I-5,95e24d77-77fa-4593-85de-e23b3dc88262,,Unified AP,AIR-AP3802I-S-K9,ACCESS,FGL2302AC2A,"69 days, 01:19:59.500",null
PTT-TH-HO-B4-FL1-AP3802I-6,c914942f-3555-4404-b893-c8737d0bf58b,,Unified AP,AIR-AP3802I-S-K9,ACCESS,FGL2302ACZL,"8 days, 10:08:43.230",null
PTT-TH-HO-B4-FL1-AP3802I-8,66659f52-6917-4a53-9fee-ee6c0d3d6206,,Unified AP,AIR-AP3802I-S-K9,ACCESS,FGL2302ACZG,"70 days, 15:40:08.490",null
PTT-TH-HO-B4-FL2A-AP3802-1,b235ecec-f317-44b2-a6f9-8d0fa025edd2,,Unified AP,AIR-AP3802I-S-K9,ACCESS,FGL2302AD01,"8 days, 10:08:43.490",null
PTT-TH-HO-B4-FL2A-AP3802-2,fcd14d64-6c03-4bca-8b81-844460458b3e,,Unified AP,AIR-AP3802I-S-K9,ACCESS,FGL2302ACZZ,"8 days, 10:08:42.630",null
PTT-TH-HO-B4-FL2A-AP3802-3,186ee308-63f1-474d-967e-bbfc8d018677,,Unified AP,AIR-AP3802I-S-K9,ACCESS,FGL2302ACZK,"8 days, 10:08:42.640",null
PTT-TH-HO-B4-FL2-AP3802-1,b3f13445-7ff8-4797-983d-9a7947f70ec0,,Unified AP,AIR-AP3802I-S-K9,ACCESS,FGL2302ACZN,"8 days, 10:08:44.110",null
PTT-TH-HO-B4-FL2-AP3802-2,c42cdb42-3150-4468-a7a8-115b57166889,,Unified AP,AIR-AP3802I-S-K9,ACCESS,FGL2302ACZX,"8 days, 10:08:44.410",null
PTT-TH-HO-B4-FL2-AP3802-3,c5360c6d-2106-4277-b20f-99b99de7705d,,Unified AP,AIR-AP3802I-S-K9,ACCESS,FGL2303A0TG,"8 days, 10:08:43.490",null
PTT-TH-HO-B4-FL2-AP3802I-1,4ca4f9f0-6cc0-4249-a985-f1c03cb207d5,,Unified AP,AIR-AP3802I-S-K9,ACCESS,FGL2302ABVR,"8 days, 10:08:40.280",null
PTT-TH-HO-B4-FL2-AP3802I-2,b27e6199-b259-4a68-bc42-7d87123c4a3a,,Unified AP,AIR-AP3802I-S-K9,ACCESS,FGL2302ABU1,"8 days, 10:08:40.580",null
PTT-TH-HO-B4-FL2-AP3802I-3,87b840e6-ba3f-49b9-b0b6-eb3379c8519b,,Unified AP,AIR-AP3802I-S-K9,ACCESS,FGL2302AC2D,"8 days, 10:08:41.430",null
PTT-TH-HO-B4-FL2-AP3802I-4,37603da0-3b2c-4257-862b-2daaa29f96ec,,Unified AP,AIR-AP3802I-S-K9,ACCESS,FGL2302ACAE,"8 days, 10:08:41.250",null
PTT-TH-HO-B4-FL2-AP3802I-5,0da9de69-5ac7-455e-b84f-bb59be24d2c0,,Unified AP,AIR-AP3802I-S-K9,ACCESS,FGL2302ACB0,"8 days, 10:08:41.700",null
PTT-TH-HO-B4-FL3A-AP2802I-1,986ad418-c737-4e63-9507-11ecf13d402b,,Unified AP,AIR-AP2802I-S-K9,ACCESS,FGL2332L0KW,"8 days, 10:08:49.140",null
PTT-TH-HO-B4-FL3A-AP2802I-2,c8717683-49bc-4430-b9be-fbbc835208e9,,Unified AP,AIR-AP2802I-S-K9,ACCESS,FGL2332L0KZ,"8 days, 10:08:49.120",null
PTT-TH-HO-B4-FL3A-AP2802I-3,09fa355b-a66f-4b66-930c-6986e0a6c307,,Unified AP,AIR-AP2802I-S-K9,ACCESS,FGL2332L0L5,"8 days, 10:08:49.160",null
PTT-TH-HO-B4-FL3-AP2802I-1,b12a8b37-bf58-4ee1-9084-1770eb49e7ad,,Unified AP,AIR-AP2802I-S-K9,ACCESS,FGL2332L0L4,"8 days, 10:08:49.160",null
PTT-TH-HO-B4-FL3-AP2802I-2,10c72376-c6fa-4c4c-ad40-9868763271bd,,Unified AP,AIR-AP2802I-S-K9,ACCESS,FGL2332L0H7,"8 days, 10:08:49.160",null
PTT-TH-HO-B4-FL3-AP2802I-3,cdaf5919-05cd-4df0-b2ba-36d6cef88a35,,Unified AP,AIR-AP2802I-S-K9,ACCESS,FGL2332L0JA,"8 days, 10:08:49.120",null
PTT-TH-HO-B4-FL4-AP2802I-1,b5743b36-a807-4ff5-9b5d-56be0e19dcec,,Unified AP,AIR-AP2802I-S-K9,ACCESS,FGL2332L0H9,"8 days, 10:08:49.130",null
PTT-TH-HO-B4-FL4-AP2802I-2,adde394f-158f-4231-b1cf-e37adac71b4c,,Unified AP,AIR-AP2802I-S-K9,ACCESS,FGL2332L0K2,"8 days, 10:08:49.140",null
PTT-TH-HO-B4-FL4-AP2802I-3,799be079-038f-4714-a34e-6402490deed8,,Unified AP,AIR-AP2802I-S-K9,ACCESS,FGL2332L0JG,"8 days, 10:08:49.140",null
PTT-TH-HO-B4-FL4-AP3802I-1,3a51bd74-f2b9-4454-9917-febeff2fbfe8,,Unified AP,AIR-AP3802I-S-K9,ACCESS,FGL2302ABUB,"58 days, 20:17:14.230",null
PTT-TH-HO-B4-ROOFTOP-AP1562D-1,f2654e81-b03b-4e06-8224-672572eae248,,Unified AP,AIR-AP1562D-S-K9,ACCESS,FGL2334L92T,"58 days, 19:33:37.180",null
PTT-TH-HO-B4-ROOFTOP-AP1562D-2,465a7591-0a8a-496b-99e4-758c8462733e,,Unified AP,AIR-AP1562D-S-K9,ACCESS,FGL2334L92H,"8 days, 10:08:48.190",null
PTT-TH-HO-B4-ROOFTOP-AP1562D-3,15544a01-a6e6-47de-9deb-868527e11076,,Unified AP,AIR-AP1562D-S-K9,ACCESS,FGL2334L92Q,"58 days, 19:33:26.190",null
PTT-TH-HO-B4-ROOFTOP-AP1562D-4,b8b146f9-d97f-49e7-a3a9-942147b7a8fa,,Unified AP,AIR-AP1562D-S-K9,ACCESS,FGL2334L912,"8 days, 10:08:48.190",null
PTT-TH-HO-B6-AP3802I-FL6-1,9e00d1e6-19ad-43cd-93f0-ef97fec34dfb,,Unified AP,AIR-AP3802I-S-K9,ACCESS,FGL2302ACZP,"0day,15:16:26.800",null
PTT-TH-HO-B6-AP3802I-FL6-3,128dae22-d108-46b2-9181-afb8b144cb84,,Unified AP,AIR-AP3802I-S-K9,ACCESS,FGL2302ACZM,"0day,15:16:27.800",null
PTT-TH-HO-B6-AP3802I-FL7-1,c7e83285-f2f2-4755-8fce-10cc69c10616,,Unified AP,AIR-AP3802I-S-K9,ACCESS,FGL2302ACZQ,"0day,15:16:27.890",null
PTT-TH-HO-B6-AP3802I-FL7-2,e47734d9-6aa8-4e18-a270-cf29b8525920,,Unified AP,AIR-AP3802I-S-K9,ACCESS,FGL2302ACZE,"0day,15:09:50.890",null
PTT-TH-HO-B6-AP3802I-FL7-3,f6f8bc99-3412-4d18-8034-d2c29b73fdf3,,Unified AP,AIR-AP3802I-S-K9,ACCESS,FGL2302ACZD,"0day,15:16:26.640",null
PTT-TH-HO-B6-AP3802I-FL8-3,71781e8c-40e8-4013-9594-b1f93bec7463,,Unified AP,AIR-AP3802I-S-K9,ACCESS,FGL2302ACZB,"0day,15:09:40.800",null
PTT-TH-HO-B6-AP3802I-FL9-1,2eccc404-5ec2-4f58-8b2b-e7eda94db33d,,Unified AP,AIR-AP3802I-S-K9,ACCESS,FGL2302ACZC,"0day,15:16:39.890",null
PTT-TH-HO-B6-AP3802I-FL9-2,92c9112c-bc81-4b1f-bb1d-e4142a2daa3f,,Unified AP,AIR-AP3802I-S-K9,ACCESS,FGL2302ACZW,"0day,15:16:36.880",null
PTT-TH-HO-B6-AP3802I-FL9-3,05ff17be-8e03-4535-bede-c7316b8b91ab,,Unified AP,AIR-AP3802I-S-K9,ACCESS,FGL2302ACZJ,"0day,15:16:26.800",null
PTT-TH-HO-B6-FL10-AP2802I-1,e1959444-f2d9-41ec-9ebe-f4be48caf82f,,Unified AP,AIR-AP2802I-S-K9,ACCESS,FGL2332L0HB,"8 days, 10:08:50.180",null
PTT-TH-HO-B6-FL10-AP2802I-2,60649c85-9325-4800-ad99-6605828ead5c,,Unified AP,AIR-AP2802I-S-K9,ACCESS,FGL2332L0HE,"8 days, 05:39:05.160",null
PTT-TH-HO-B6-FL10-AP2802I-3,58cd7fc1-566a-4343-9be0-490321c5e4ba,,Unified AP,AIR-AP2802I-S-K9,ACCESS,FGL2332L0J4,"8 days, 10:08:51.120",null
PTT-TH-HO-B6-FL1-AP3802I-1,8b231438-2d83-4bee-b743-09b21be0cc4f,,Unified AP,AIR-AP3802I-S-K9,ACCESS,FGL2302ABYP,"0day,05:33:19.220",null
PTT-TH-HO-B6-FL1-AP3802I-2,459b856a-b2df-4b05-8bfe-9fbad0e87e10,,Unified AP,AIR-AP3802I-S-K9,ACCESS,FGL2302AC80,"6 days, 01:47:18.680",null
PTT-TH-HO-B6-FL1-AP3802I-3,4287dce7-9908-466d-a1c0-8ef3c18c75fe,,Unified AP,AIR-AP3802I-S-K9,ACCESS,FGL2302ABXP,"6 days, 01:47:18.250",null
PTT-TH-HO-B6-FL1-AP3802I-4,026413fb-c5e1-405a-80ad-8c21398ab88b,,Unified AP,AIR-AP3802I-S-K9,ACCESS,FGL2302ABVY,"6 days, 01:47:18.540",null
PTT-TH-HO-B6-FL1-AP3802I-5,264aee74-aab1-4340-a11b-d4a0263b630e,,Unified AP,AIR-AP3802I-S-K9,ACCESS,FGL2302ABVG,"6 days, 01:47:17.590",null
PTT-TH-HO-B6-FL1-AP3802I-6,7cd33922-163b-4b30-ac9e-7a570a013298,,Unified AP,AIR-AP3802I-S-K9,ACCESS,FGL2302ABW3,"6 days, 01:47:18.210",null
PTT-TH-HO-B6-FL1-AP3802I-7,47601602-5dd6-44bb-a0c4-bdf1a9c00486,,Unified AP,AIR-AP3802I-S-K9,ACCESS,FGL2302ABV0,"6 days, 01:47:18.240",null
PTT-TH-HO-B6-FL1-AP3802I-8,415dd773-aa21-4998-a2a3-4f99df0f7ae0,,Unified AP,AIR-AP3802I-S-K9,ACCESS,FGL2302ABZJ,"6 days, 01:47:18.580",null
PTT-TH-HO-B6-FL2-AP2802I-1,be9e6422-2187-4e52-9109-6f2353dd7451,,Unified AP,AIR-AP2802I-S-K9,ACCESS,FGL2332L0JD,"8 days, 10:08:39.110",null
PTT-TH-HO-B6-FL2-AP2802I-2,d82bea67-4da6-4017-af27-04cc87212a98,,Unified AP,AIR-AP2802I-S-K9,ACCESS,FGL2332L0K3,"8 days, 10:09:31.160",null
PTT-TH-HO-B6-FL2-AP2802I-3,68553852-1370-47cf-9d33-56d5f8bb590b,,Unified AP,AIR-AP2802I-S-K9,ACCESS,FGL2332L0JV,"8 days, 10:09:31.110",null
PTT-TH-HO-B6-FL2-AP2802I-4,52b8bc4b-e710-4c2f-861e-6c62df761aef,,Unified AP,AIR-AP2802I-S-K9,ACCESS,FGL2332L0K1,"8 days, 10:08:39.140",null
PTT-TH-HO-B6-FL2-AP2802I-5,3a02eed4-9921-4976-9f2a-44378bc1effe,,Unified AP,AIR-AP2802I-S-K9,ACCESS,FGL2332L0JF,"8 days, 10:08:39.150",null
PTT-TH-HO-B6-FL2-AP2802I-6,df00bb1e-d1c4-4dea-8126-7a753acbe866,,Unified AP,AIR-AP2802I-S-K9,ACCESS,FGL2332L0K9,"8 days, 10:09:31.130",null
PTT-TH-HO-B6-FL3-AP2802I-1,15f7cb81-d78f-411e-b226-5b91a0271551,,Unified AP,AIR-AP2802I-S-K9,ACCESS,FGL2332L0HD,"8 days, 10:08:39.170",null
PTT-TH-HO-B6-FL3-AP2802I-2,613d78d6-b027-45c2-b9b6-7b6e37a9a68a,,Unified AP,AIR-AP2802I-S-K9,ACCESS,FGL2332L0KF,"8 days, 10:09:31.120",null
PTT-TH-HO-B6-FL3-AP2802I-3,52119e35-e552-4780-a63e-c721971033b2,,Unified AP,AIR-AP2802I-S-K9,ACCESS,FGL2332L0J0,"8 days, 10:09:30.180",null
PTT-TH-HO-B6-FL3-AP2802I-4,63257fab-fe15-4d48-b4d1-3c366db5a045,,Unified AP,AIR-AP2802I-S-K9,ACCESS,FGL2332L0J2,"8 days, 10:08:39.150",null
PTT-TH-HO-B6-FL3-AP2802I-5,3f25612b-4460-47bf-87eb-5bcf4b658cb0,,Unified AP,AIR-AP2802I-S-K9,ACCESS,FGL2332L0K5,"8 days, 10:08:39.130",null
PTT-TH-HO-B6-FL3-AP2802I-6,3e381245-a912-4c97-a965-bd73ee523e99,,Unified AP,AIR-AP2802I-S-K9,ACCESS,FGL2332L0KX,"8 days, 10:09:31.160",null
PTT-TH-HO-B6-FL4-AP2802I-1,093b72b3-f860-4433-b6a4-92e28d981369,,Unified AP,AIR-AP2802I-S-K9,ACCESS,FGL2332L0JE,"8 days, 10:08:51.110",null
PTT-TH-HO-B6-FL4-AP2802I-2,252996e5-8b7b-4560-bce0-bafc589573ab,,Unified AP,AIR-AP2802I-S-K9,ACCESS,FGL2332L0KE,"8 days, 10:09:31.140",null
PTT-TH-HO-B6-FL4-AP2802I-3,ce7178f4-4e81-4a85-84b7-51718f3b76ac,,Unified AP,AIR-AP2802I-S-K9,ACCESS,FGL2332L0L3,"8 days, 10:09:30.140",null
PTT-TH-HO-B6-FL4-AP2802I-4,22008347-1d70-4b2c-8fe8-f7719e12b760,,Unified AP,AIR-AP2802I-S-K9,ACCESS,FGL2332L0J6,"8 days, 10:08:50.160",null
PTT-TH-HO-B6-FL4-AP2802I-5,7cfa13e6-eaff-429f-a3d2-49a55ad99bcd,,Unified AP,AIR-AP2802I-S-K9,ACCESS,FGL2332L0J1,"8 days, 10:08:50.140",null
PTT-TH-HO-B6-FL4-AP2802I-6,b696e8de-2369-42e3-9e94-0d7824dd2fc9,,Unified AP,AIR-AP2802I-S-K9,ACCESS,FGL2332L0HC,"8 days, 10:09:30.170",null
PTT-TH-HO-B6-FL5-AP2802I-1,a164f98e-cc25-40d0-bca6-bc870e44cb44,,Unified AP,AIR-AP2802I-S-K9,ACCESS,FGL2332L0J7,"8 days, 10:08:39.120",null
PTT-TH-HO-B6-FL5-AP2802I-2,a83290eb-466d-42a9-9c35-1ac28c3e6310,,Unified AP,AIR-AP2802I-S-K9,ACCESS,FGL2332L0J5,"8 days, 10:09:30.150",null
PTT-TH-HO-B6-FL5-AP2802I-3,01e2f1c2-0f49-4694-a4c9-45ff5f72b0df,,Unified AP,AIR-AP2802I-S-K9,ACCESS,FGL2332L0N1,"8 days, 10:09:29.150",null
PTT-TH-HO-B6-FL5-AP2802I-4,8370f350-9471-4e38-b052-0f73a7736151,,Unified AP,AIR-AP2802I-S-K9,ACCESS,FGL2332L0KD,"8 days, 10:08:51.180",null
PTT-TH-HO-B6-FL5-AP2802I-5,d9aee384-502a-4caf-9e02-c27430ee9251,,Unified AP,AIR-AP2802I-S-K9,ACCESS,FGL2332L0JJ,"8 days, 10:08:47.170",null
PTT-TH-HO-B6-FL5-AP2802I-6,380749e5-6479-4337-ba9e-6d7718089704,,Unified AP,AIR-AP2802I-S-K9,ACCESS,FGL2332L0KJ,"8 days, 10:09:30.150",null
PTT-TH-HO-B6-FL6-AP2802I-1,e0f02353-c0e6-43bc-93a5-6375eaa49839,,Unified AP,AIR-AP2802I-S-K9,ACCESS,FGL2332L0JZ,"8 days, 10:08:39.140",null
PTT-TH-HO-B6-FL6-AP2802I-2,368c2422-a1a5-4d59-b54b-1b9c9fb0b3d7,,Unified AP,AIR-AP2802I-S-K9,ACCESS,FGL2332L0JW,"8 days, 10:09:29.150",null
PTT-TH-HO-B6-FL6-AP2802I-3,8c20b1e3-b997-4356-9ccc-d48130fe5eb5,,Unified AP,AIR-AP2802I-S-K9,ACCESS,FGL2332L0NU,"8 days, 10:09:30.180",null
PTT-TH-HO-B6-FL6-AP2802I-4,a290f7bb-5db5-42bf-87d0-970585299f24,,Unified AP,AIR-AP2802I-S-K9,ACCESS,FGL2332L0KG,"8 days, 10:08:39.160",null
PTT-TH-HO-B6-FL6-AP2802I-5,6fb8ea11-5daa-45b8-8527-e74f0e5496ae,,Unified AP,AIR-AP2802I-S-K9,ACCESS,FGL2332L0L0,"8 days, 10:08:39.130",null
PTT-TH-HO-B6-FL7-AP2802I-1,75c31910-1c75-4e3b-872e-78786d8a2346,,Unified AP,AIR-AP2802I-S-K9,ACCESS,FGL2332L0JC,"8 days, 10:08:38.160",null
PTT-TH-HO-B6-FL7-AP2802I-2,ff82b12d-c70c-4f15-9bc4-84ab0b07fa52,,Unified AP,AIR-AP2802I-S-K9,ACCESS,FGL2332L0K6,"8 days, 10:09:30.130",null
PTT-TH-HO-B6-FL7-AP2802I-3,075c9022-038d-4dfd-b7f0-6831a8717ad5,,Unified AP,AIR-AP2802I-S-K9,ACCESS,FGL2332L0K8,"8 days, 10:09:30.120",null
PTT-TH-HO-B6-FL7-AP2802I-4,0a17157b-709a-4226-91f2-cee1c790589a,,Unified AP,AIR-AP2802I-S-K9,ACCESS,FGL2332L0J8,"8 days, 10:08:50.120",null
PTT-TH-HO-B6-FL7-AP2802I-5,a6e411bf-ede4-445c-a661-4f9c270c7a4e,,Unified AP,AIR-AP2802I-S-K9,ACCESS,FGL2332L0JB,"8 days, 10:08:51.150",null
PTT-TH-HO-B6-FL8-AP2802I-1,dc2fc613-954a-45f6-a136-bf72b50e616e,,Unified AP,AIR-AP2802I-S-K9,ACCESS,FGL2332L0J3,"8 days, 10:08:47.170",null
PTT-TH-HO-B6-FL8-AP2802I-2,259a1b5c-8a31-4d7d-a19f-794c71ac9707,,Unified AP,AIR-AP2802I-S-K9,ACCESS,FGL2332L0JX,"8 days, 10:09:27.140",null
